Clone name,HIC retention time (min),VH Protein,VL Protein
ADI-38502,8.886,EVQLLESGGGLVKPGGSLRLSCAASGFIFSDYSMNWVRQAPGKGLEWVSSISSSSGYIYYADSVKGRFTISRDNAKNSLYLQMNSLRADDTAVYYCARRAYGSGTSPQYFDYWGQGTLVTVSS,DIVMTQSPSTLSASVGDRVTITCRASQSISSWLAWYQQKPGKAPKLLIYKAFSLESGVPSRFSGSGSGTEFTLTISSLQPDDFATYCCQQYNSYPYTFGQGTKLEIK
ADI-38501,8.959,EVQLLESGGGLVQPGGSLRLSCAASGFTFSSYSMNWVRQAPGKGLEWVSYISSSSSTIYYADSVKGRFTISRDNAKNSLYLQMNSLRAEDTAVYYCARERDYYGHLDVWGQGTTVTVSS,DIVMTQSPATLSLSPGERATLSCRASQSISTYLAWYQQKPGQAPRLLIYDASNRATGIPARFSGSGSGTDFILTISSLEPEDFALYFCQQRTKWPRGTFGPGTKVDIK
ADI-47173,8.465,EVQLVESGGGVVQPGRSLRLSCAASGFTFDRYGMHWIRQAPGKGLECVALISFDGSHK-YADSVKGRFTISRDNSRNTLYLQMDSLRAEDTAVYYCAKVGCISNSCHSNDIDYWGQGIQVTVSS,EIVMTQSPLSLPVTLGQPASISCRSNQSLVHSDGNTFLNWFHQRPGQSPRRLIYLVSKRDSGVPDRFSGSGSGTDFTLKISRVEAEDVGVYYCMQGTHWPFFGGGTKVEIK
ADI-47054,8.523,EVQLVESGPGLVKPSETLSLTCTVSGGSISSYYWSWIRQPPGKGLDWIGSIYYSGSTKYNPSLKSRVTISVDTSKNQFSLNLSSVTAADTAVYYCARLPRNTTDDALDIWGQGTTVTVSS,QPVLTQPPSVSVSPGQTARITCSGDALPKQFVYWYQQTPRQAPVLVMYKDNKRPSGIPERFSGSSSGTIVTLTITGVQPEDEADYSCQSADSSGALVFGGGTQLTVL
ADI-47278,8.547,QVQLVQSGAEVKKPGASVKVSCKASGYSFSSYGMHWVRQAPGQRLEWMGWIRAGSGDTKYSQKFQDRVTITRDKSANTAYMELSSLRSEDTAMYYCAREWEPLSGAGYWGQGTLVTVSS,EIVMTQSPATLSVSPGERATLSCRASQSVSTNLAWYQQKPGQAPRLLIVGAATRATGIPARFSGSGSGTEFTLTISSLQSEDFAVYYCHQYNNWPRTFGQGTKVEIK
ADI-47055,8.571,QVQLVESGGGLVKPGGSLRVSCAASGFTFSDFSMNWVRQAPGKGPEWVSSISANSNHRYYADSVKGRFTISRENTKNSLYLQMNSLRAEDTAVYYCARGYYHVLTGYPREWGQGTLVTVSS,DIQLTQSPSSLSASVGDRVTITCQASHDISNSVSWYQQIPGKAPNLLIHDASKLQTGVPSRFSGNGSETDFTFTISSLQPEDIATYYCQHYDHFPWTFGQGTKVDIK
ADI-47174,8.596,QVQLQESGGGVVQPGRSLRLSCVASGFTFSSYGMHWVRQAPGKGLQCMAVISRDGSKQYYADSVKGRFTISRDNSKDTLYLEMNSLRSEDTAMYYCARDFGDGYNDIDYWGQGTLVTVSS,DIVMTQSPLSLPVTLGQPASISCKSSQSLVHSDGNTYLIWFHQRPGQSPRRLIYKVSKRDSGVPDRFSGSGSGSDFTLKISRVEAEDVGIYYCMQGTHWPPAFGQGTKLEIK
ADI-47056,8.62,EVQLVESGGGLVQPGGSLRLSCAASGFSFKSYNMNWVRQAPGKGLEWISYISGSGSTIYYADSVKGRFTISRDNANNSLYLQMNSLRDEDTAVYYCAREGVAIFGKGNWLDPWGQGTLVTVSS,DIQMTQSPATLSVSPGERVTLSCRASQSVSTNLAWYQQKPGQAPRLLIYEASTRATGIPARFSGSGSGTEFTLTISSLQSEDFAVYFCQEFNNWPTYTFGQGTKVEIK
ADI-47279,8.62,QVQLVQSGGGLVQPGGSLRLSCAASGFTFSSYWMSWVRQPPGKGLEWVANINQHGSEKSYVDSVKGRFTISRDNANNSLYLQMSSLRIEDTAVYYCARRRPDSGYYYWGQGALVTVSS,QPGLTQPPSASGSPGQSVTISCTGTSSDVGGYIYVSWYQQHPGKAPKLMIYEVSKRPSGVPDRFSGSKSGNTASLTVSGLQAEDEADYYCSSYAGSNNLVFGGGTKVTVL
ADI-47057,8.625,EVQLVESGGGVIRPGGSLRLSCAATGFTFDDYAMSWVRQAPGKGLEWVSGINWRGDSRYYADSVRGRFTISRDNAKNTLYLQMDSVTAEDMALYFCARENSGAYEGIGGYYGMDVWGQGTTVTVSS,DIQMTQSPSTLSASVGDRVTITCRASQSVSTWLAWYQQKPGKAPKLLIYKASTLQSGVPSRFSGSGSETEFTFTISSLQSEDFATYYCQHYNAYPFNFGQGTKVEIK
ADI-47280,8.625,QVQLVQSGPGLVKPSETLSLTCTVSGASLSHSSYYWAWIRQPPGKGLEWIGNIFHSGNTYNNPSLKSRVNISVDPSKNQFSLKLNSVTAADTSVYFCARLGGSKWESYYFDYWGQGTLVTVSS,ETTLTQTPATLSLSPGERATLSCRASRSVSTYLAWYQQKPGQAPRLLIYDTSNRATGIPARFSGSGSGTDFTLTISSLEPEDFAVYYCQQRSNWPVLTFGGGTKVEIK
ADI-47058,8.63,EVQLVESGGGLVQPGGSLRLSCAASGFRFDDYAIHWVRQAPGKGLEWVSLISRDGVNTFYADSVKGRFTISRDNSKNSLYLQMNSLRTKDTALYFCVRNFKGAALLDSWGQGTLVTVSS,SYELTQPPSVSVAPGQTARITCTGNNSGSKSVHWYQQRPGQAPVLVVFDDSDRPSGIPERFSGSNSGNTATLTISRVEAGDEADYYCQVWDSDGDHVVFGGGTQLTVL
ADI-47281,8.644,QVQLVQSGAEAKKPGASVKVSCKASGYTFTTYGVHWVRLAPGQRLERMGWINAGNGATKYSQNFQGRITITTDTSASTAYMELSSLRSEDTAVYYCARGQLPHWNYFDYWGQGTLVTVSS,QTVVTQEPSVSAAPGQKVTISCSGSRSNVGNYYISWYRQVPGTAPKLLIYDNNKRPSGIPDRFSGSKSGTSATLGITGLQTGDEADYYCGTWDDRLSAVVFGGGTKVTVL
ADI-47175,8.659,QVQLVQSGGGVIRPGGSLRLSCAASGFIFDDYAMSWVRQVPGKGLQWVSGVNSRGRSTGYADSVKGRFTISRDNAKQSLYLEMNSLRVDDTAFYYCARDQNDYPSETYYGDSYFDSWGQGTLVTVSS,EIVLTQSPATLSLSPGERATLSCRASQSVSRSLAWYQQKPGQAPRLLIYDASKRATGIPARFSGSGSGTDFTLAISSLEPEDFAVYYCQQRYNWPTFGGGTKLEIK
ADI-47282,8.673,EVQLVESGGGVVQPGRSLRLSCTPSGFTFWRYTMQWVRQAPGKGLEWVAGIRYDGSRKYYPDSVKGRFTISRDNSKNTLDLQMNSLRADDSAVYYCARDSMGRDDFGGGFDLWGQGTMVTVSS,DIRVTQSPATLSLSPGERATLSCRASQSVGSFLAWYQHKPGQAPRLLIYDASHRATGIPARFSGSGSGTDFTLTISSLEPEDFAVYYCQQRSNWPVTFGQGTRLEIK
ADI-47283,8.683,QVQLVQSGTEVKKPGASVKVSCKASGYTFGTYNINWLRQATGQGPEWMGWMNPKSGNTGYAPKFRGRVTLTRNTSITTAFMELSSLRSDDTAIYYCSRGTLVGGACHSCWFDAWGQGTLVTVSS,EIVMTQSPDSLAVSLGERATINCKSSQSVLYGPNNKNYLAWYQQKPGQPPKVLIYWASTRESGVPDRFSGSGSGTDFTLTISSLQTEDVAIYFCHQYHSFPFTFGGGTKVEIK
ADI-47059,8.688,EVQLLESGGGLVQPGGSLRLSCAASGFTFSNYGMTWVRQAPGKGLEWVSYISGSSSSMHYADSVKGRFTISRDNAESSLYLQMSSLRAEDTAVYYCARQYYSGGSALFSGWGQGTLVTVSS,DIVMTQSPATLSVSPGERATLSCRASQSVGSNLGWYQQKPGQAPRLLIYGESTRATGIPARFSGSGSGTEFTLTISSLQSEDFAVYYCQQYDNWPLTFGGGTKVEIK
ADI-47060,8.707,EVQLVESGGGLVQPGGSLRLSCTTSGITFSRYAMTWVRQSATKGLEWISSI-GS-GSTFYADSVKGRFTISRDNSKDTLYLQMNNLRAEDTALYYCGRDPNGDYVGAFDLWGQGTTVTVSS,EIVLTQSPGTLSLSPGETATLSCRASQSVTSNYLAWYQQKPGQAPRLLIYGTSTRATGIPDRFSGSGSGTDFTLTISRLEPEDFAVYYCQQYGTSRTFGQGTKVEIK
ADI-47178,8.717,EVQLVESGGGLIQPGGSLRLSCAASGFTVSSNYMSWVRQAPGRGLEWVSALHTGGNTNFADSVKGRFTISRDNSRNTLYLQMNSLSAEDTAVYFCARAPSVRSRANWYFDLWGHGTLVTVSS,EIVLTQSPATLSLSPGERATLSCRASQSIDNYLAWYQQNPGQAPRLLIYDTSNRATGIPARFSGSGSGTDFTLIISSLEPEDFAVYYCQQRKVWPLTFGGGTKVEIK
ADI-47177,8.717,EVQLVESGGGVVQPGRSLRLSCAVSGFTLSTYTLHWIRQAPGQGLEWVSLISYDGSIEHYADSVKGRFTISRDNSKNTVFLQMDSLRSDDTAVYYCARDRARMCRSLYCHGYFDNWGQGTLVTVSS,EIVMTQSPATLSLSPGQRATLSCRASQSVSRFLAWYQQKPGQAPRLLVYDASDRATGIPARFSGSGSGTDFTLTISSLEPEDFAVYYCHHRVTFGGGTKVEIK
ADI-47284,8.717,EVQLLESGGDLVRPGGSLRLSCAASGFSFGSYWMGWVRQAPGKRLEWVANIKQDGSQKSYVDSVKGRFTISRDNAKSLLYLQMTSLRGEDTAVYFCARGQTTQEYWGQGTLVTVSS,QSALTQPPSASGTPGQRVTISCSGSSSNIGSNTVNWYQQVPGTAPKLLIYVNNQRPSWVPDRFSGSKSGTSASLAISGLQSEDEADYYCSAWDNSLGGHVAFGGGTKLTVL
ADI-47179,8.721,EVQLLESGGGVVQPGGSLRLSCEASGFIFSDYAMHWVRQVPGKGLEWLAIILLDGSNEVYSDSVKGRFIISRDNSNNTLYLHMNNLKVEDTAFYYCARPQNPKRNINAFNVWGQGTMVTVSS,DIQLTQSPSTLSASVGDRVTITCRASQSVSSWLAWYQQKPGKAPKLLIHKASSLENGVPSRFSGSGSGTEFTLTISSLQPDDFATYYCQQYNRLSTFGHGTKVDIK
ADI-47180,8.727,EVQLVESGGIVVQPGGSLRLSCAASGFTFHEYTMHWVRQAPGKGLEWVSLITWDGGSAFYADSVKGRFTISRDNGKNSLYLQMNSLRTEDTALYYCAKERSRVFHGWGLGTLVTVSS,DITLTQSPATLSVSPGERATLSCRASQSVSNDLAWYQQKPGQAPRLLMYGASTRASGIPARFSGSGSGTEFTLTISSLQSEDFAVFYCHQYNTWPPGTFGPGTKVEYQ
ADI-45439,8.736,QVQLVQSGAEVKKPGSSVKVSCKASGGTFSSYPISWVRQAPGQGLEWMGGITPKFDIANHAQKFQGRVTITADKSTSTAYMKLTNLRSEDTAVYYCARHNDITEKEAFDIWGQGTTVTVSS,ETTLTQSPSLLSASTGDRITISCRMSQGISSYLAWYQQKPGKAPELLIYAASTLQSGVPSRFSGSGSGTDFTLTISCLQSEDFAVYYCQQYNNWPLTFGGGTKVDIK
ADI-45368,8.736,QITLKESGPALVKPTQTLTLTCTFSGFSLSTSGMCVSWIRQPPGKALEWLARIDWDDDKYYSTSLKTRLTISKDTSKNQVVLTMTNMDPVDTATYYCARIRPAGGDYYFDYWGQGTLVTVSS,DIRMTQSPSTLSASVGDRVTITCRASQSISSWLAWYQQKPGKAPKLLIYKASSLESGVPSRFSGSGSGTEFTLTISSLQPDDFATYYCQQYNSYSTFGQGTKVEIK
ADI-47062,8.751,EVQLVESGGGLVQPGGSLRLSCAASGFTFSAYWLNWVRQAPGEGLEWVANIKPDGSETYYVDSVKGRFTISRDNAKKSLYLQMNSLRAEDTAVYYCASASVYYGVPADVWGQGTTVTVSS,DIVLTQSPSTLSASAGDRVTITCRASQTISHWLAWYQQKPGKAPRLLIYKASSLENGVPSRFSGSGSGTEFTLTISSLQPDDFATYYCQQSASFPFTFGRGTKVEIK
ADI-47182,8.756,EVQLVESGGGLVQPGGSLRLSCVGSGFNFGIYSMNWVRQAPGKGPEWASYISTASTTIQYADSVKGRFTVSRDNAKNSLYLQMNSLKAEDTAVYYCARGIEANWNRPDHYYGMDVWGQGTTVTVSS,ETTLTQSPATLSVSPGERATLSCRASQSVNSNLAWYQHKPGQAPRLLIYGASTRATGVPDRFSGSGSGREFTLTITSLQSEDSAVYYCQQCYDWPRAFGQGTKVEIK
ADI-47063,8.756,QVTLKESGGGLVKPGGSLRLSCAASGFTFSDAWMSWVRQAPGKGLEWVGLIKNKPQGETTDYAAPVKGRVSISRDDSQNTLYLHMNSLQTEDTAVYYCTTDSTPSIRFWSHYWGQGTLVTVSS,DIQLTQSPSTLSASVGDRVTITCRASQSISSWLAWYQQKPGKAPKLLIFEASTLESGVPSRFSGSGSGTEFTLTISSLQPDDFATYCCQQYSSYSWTFGQGTKVEIK
ADI-47183,8.756,EVQLVESGGGLVKPGGSLRLSCAASGFTFSSYSMNWVRLAPGKGLEWLSSISRSSNNIYYADSVMGRFTISRDNAKNSLYLQMNSLRAEDTAVYYCARSYSSGSCDYWGQGTLVTVSS,DIVMTQSPSSLSASVGDRVTITCRASQSISSYLNWYQQKPGRAPKLLIYAASRLQSGVPSTFSGSGSGTDFTLTISSLQPEDFATYYCQQSYSTLWTFGQGTKVEIK
ADI-47064,8.77,EVQLVESGGGLVKPGGSLRVSCVVSGFPFSNAWLNWVRQAPGKGLEWVGRITTVDSGETTDYAAPVKGRFTISRDDSKSTVYLQMNSLRTEDTAVYYCATEVDKVATVDYWGQGTLVTVSS,QSVLTQPPSVSAAPGQKVTISCSGSSSNIGGDYVAWYQQFPGRAPKLLIYDTDKRPSGLPDRFSASKSGTTATLAITGLQTGDEADYYCVSWDSRLSGRLFGGGTKLTVL
ADI-47066,8.775,EVQLLESGGGLVQPGESLRLSCSGSGFTFSTYGFHWVRQAPGKRLEYVSGIGNDGDSIYYKEAVRGRFTISRDNSKNTLYLQMTSLRPEDTAVYYCVKDREDNYGTHPLDIWGHGTTVTVSS,EIVLTQSPDSLAVSLGERATINCKSSQTLLYMSKNKNSLAWYQQKPGQPPKLLIYWASTRESGVPERFSGTASGTDFSLTISSMQAEDVAVYFCQQYYSIPLTFGQGTKVDIK
ADI-45379,8.794,EVQLLESGGGLVQPGGSLRLSCAVSGFPFSSYWMSWVRQAPGKGLEWVANIKEDGSEKYYVDSVKGRFTISRDNAKNSLYLQMNSLRAEDTAVYYCATDPDVGLSDSWGQGTLVTVSS,ETTLTQSPATLSLSPGDRATHSCRASQSVSRSYLAWYQQKPGQTPRLFIYGASNRATGIPDRFSGSGSGTYFTLTISRLEPEDFAVYYCQQYDSAPDTFGQGTRLEIK
ADI-47067,8.795,EVQLVESGGAVVQPGKSLRLSCAASGFMFTSYTLHWVRQAPGKGPEWVAVTSSNGRNQYYADSVKGRFVVSRDNSNNTLYLQLNSLTVEDTAVYYCAREGFYRGPDLGDDAFDVWGQGTMVTVSS,QPVLTQPPSASGSPGQSVTISCTGTSSDVGGYSFVSWYQQHPGKAPKLLIYEVTKRPSGVPGRFSGSKSGNTASLTVSGLQAEDEADYYCSSYAGSNNLLFGGGTKLTVL
ADI-47068,8.8,EVQLLESGGGLEQPGGSLRLSCAASGFSFSSYDMNWVRQAPGKGLEWVSHISSSSSNIYYADSVEGRFTISRDNAKNSLYLQMNSLRAEDTAVYYCAAVIAARPWYFDLWGRGTLVTVSS,DIRVTQSPDSLAVSLGERATINCKSSQSLLYSSNNKNYLAWYQQKPGQPPKLLIYWAFTRESGVPDRFSGSGSGTDFTLTISSLQAEDVAVYSCQQYYTRPVTFGPGTKVEIK
ADI-47069,8.804,QVQLVQSGAEVKKPGASVKVSCQASGYTFRTYAMHWVRQAPGQGLEWMGLIDGGSGKTQYSQKFQGRVTLSRDTSASTAYMDLRSLRSEDTAVYYCAKEYISSSSKYYYYMDVWGKGTTVTVSS,ETTLTQSPAFMSATPGDQVNISCRPSQDIDDDLNWYQQKPGEAPVFIIQEATTLVPGIPPRFRGSGFGADFTLTIDNMESEDAAYYFCLQHDNFPPTFGQGTKVEIK
ADI-47070,8.809,EVQLLESGGGLVKPGGSLRLSCEVSEFSLKIAWMNWVRQAPGKGLEWVGRIKSKTDGGTTDYAAPVKGRFIISTDDSESTVFLQMDSLKTEDTAVYYCATDILGHCTGNTCSYFDIWGHGKMVTVSS,QPVLTQPPSASGTPGQRVTISCSGSSSNIGTDFVSWYQQLPETAPKLLIYRDNQRPSGVPDRFSGSKSGTSASLAISGLRSEDEADYYCSSWDDSLSGRVFGGGTKVTVL
ADI-45442,8.809,EVQLVESGGGLVQPGGSLRLSCAASGFTFSSYPMNWVRQAPGKGPEWVSALGSSGASTFYADSVKGRFTISRDNSKNTLYLQMSSLRAEDTALYYCAKNQLQLGRGAFFDYWGQGILVTVSS,EIVLTQSPGTLSLSPGERATLSCRASQSVSNNYLAWYQQKPGQAPRLLIYGASTRATGIPDRFSGSGSGTDFTLTISRLGPEDFAVYFCQQYGSSLLTFGGGTKVEIK
ADI-47184,8.819,EVQLVESGAEVKKPGASVKVSCKASGHTFSDHYIHWVRQAPGQGLEWMGWINPNSGGTKYAQKLQGRVSMTRDTSSTTVYMELSRLTSDDTAVYYCARDIVYNYISSLAFDIWGQGTMVTVSS,DIVMTQSPATLSVSPGDRATLSCRASQTVSTNLAWYQQKPGQPPRLLIYGASTRATDIPARFSGSGSGTEFTLTISSLQSEDFAVYYCQQYNKWPPLTFGGGTKVEIK
ADI-47073,8.829,QVQLVQSGAEVKKPGASVKISCKASGYTFTSFYMHWVRQAPGQGLEWMGVINPSGTATTYAQKFQGKFTMTRDTSTSTLYMELSSLRSEDTAVYYCSRESGGLKHWDYWGQGTLVTVSS,QPVLTQPASVSGSPGQSITISCTGTSSDVGAYNYVSWYQQHPGETPKLMIYDVSNRPSGVSDRFSGSKSGNTASLTISGLQAEDEADYYCSSFTRSTTDYVFGTGTKLTVL
ADI-46682,8.833,EVQLLESGGGLVQPGGSLRLSCATSGFSFSGFWMHWVRQAPGKGLMWVSRINNDGSDTIYADSVKGRFTISRDNAKNTLYLQMSSLRVEDTAVYYCARGLRGPDFWGLGTMVTVSS,EIVLTQSPSTLSASVGDRVTITCRASQGIRNDLGWYQQKPGEAPKRLIYDASTLQSGVPSRFGGSGSGTEFTLTISSLQPEDFATYYCLQLNSYPWTFGQGTKVEIK
ADI-47074,8.834,EVQLLESGPGLVKPSQTLSLTCTVSGGSISSGSYYWNWIRQPAGKGLEWIGRIYTTGGTKYNPSLKSRVTISVDTSKNQFSLKLNSVTAADTAAYYCARDPSYSTDSYSGVSDAFDIWGQGTMVTVSS,DIRVTQSPSSLSASVGDRVTITCRASQSIDNYLNWYHQRAGEAPKLLIYAASRLQTGVPSRFSGSGSGTDFTLTISSLQPEDFGAYYCQQSDTTPWTFGQGTKVEIK
ADI-47186,8.838,EVQLLESGGGLVQPGGSLRLSCAASGFTFSNFAMSWVRQAPGKGLEWVSAISGTGGSTYYADSVKGRLTISRDNSKNTLYLQMNSLRAEDTAIYYCAKDRRSGNYGMGFFDSWGQGTLVTVSS,QPVLTQSPSASASVGASVKLTCTLNRGHFSYAIAWHQQQPDKGPRYLMRLNSDGTYSKGDGIPDRFSGSSSGAERYLTISSLQSDDEADYYCQTWGTGGVFGGGTKLTVL
ADI-45370,8.848,EVQLLESGGGLVKPGGSLRLSCAASGFAFSAYGMVWVRRATGKGLEWVSSIPGNSAYSHSADSVKGRFTISRDNDKNLLFLQMNSLTVDDTAVYYCARLAEPHFLDFWGQGTLVTVSS,SSELTQEPSVSAAPGQKVTISCSGSNSNIGKNYVSWYQHLPGTAPKLLIYDNNKRLSGIPDRFSGSKSGTSATLAITGLQTGDEADYYCLSWDSSLVAGVFGGGTKVTVL
ADI-47077,8.858,QVQLVQSGGGLVQPGGSLRLSCAASGFIYTNYAMTWVRQAPGKGLEWVASLSGSGGSTYYADSVNGRFTISRDNSNNTLYVQMNSLRAEDTAVYYCAKERDFGVPGGLIDHWGQGTLVTVSS,NFMLTQPHSVSESPGKTVTISCTRSSGSIASNYVQWYQQRPGSAPTTVIYEDDQRPSGVPDRFSGSIDSSSNSASLTISGLKTEDEADYYCQSYDSSIVVFGGGTKLTVL
ADI-47079,8.877,EVQLVESGGGVVQPGRSLRLSCAASGFTFRSYAMTWVRQAPGKGLECVALISYDGTNTNYADSVKGRFTVSRDNSKNTLYLQMNSLTTEDTAVYYCATTTTNDWYGGPDYWGQGTLVTVSS,EIVLTQSPLSLSVTPGQPASMSCKSSQSLLHTNGKTYLYWYLQKPGQSPQLLISEAFSRFSGVPDRFSGSGSGTDFTLKISHVEAGDVGVYYCMQGLHLPPYTFGQGTKVDIK
ADI-47289,8.877,QVQLVQSGGGLVQPGGSLRLSCAASGFISSSYWMSWVRQAPGKGLEWVANIKPDGSEIYYVDSVKGRFTISRDNAKNSLSLQMSSLRADDTAVYYCVRDGRSRWHFDYWGQGALVTVSS,EIVLTQSPATLSLSPGERATLSCRASQSVGTYLAWYQQKPGQAPRLLISDVSNRATGIPARFSGSGSGTDFTLTISSLEPEDFAVYYCQCRMKWPPVSFGPGTKVEIK
ADI-47191,8.882,EVQLQESGGGLVQPGGSLRLSCAASGFAFSNYWMHWVRQTPGKELLWVARINSDGSDTTYADSVKGRFTISRDNAKNTLYLQMNTLRAEDTAVYYCARTHCSGGNCFSLIAHWGQGTLVTVSS,DIVMTQSPLSLPVTPGEPASISCRSSQRLLHTNGYNYLVWFLQKPGQSPQLLFYLGSIRASGVPDRFSVSGSGTDFTLKISRVEAEDVGVYYCMQALQNLPTFGQGTKLEIK
ADI-47192,8.886,QVQLVQSGAEVREPGASVKVSCKASGYTFTNYFIHWVRQAPGQGLEWLGIIRIRDGHTNYAQKFQGRITMTRDTSTNTVYMELSTLASADTAVYYCARPISHCVGNNCYVEDFYDMGVWGQGTTVTVSS,QPVLTQPPSASGTPGQTVTISCSGSHSNIGRNYVFWYQHLPGTAPKLLLYKNHQRPSGVPDRFSGSKSGTSASLTITGPRSEDEADYYCASWDDNITGQGLFGGGTKLTVL
ADI-47290,8.897,QVQLVQSGAEVKKPGASVKVSCKASGYTFTDYYMHWVRQAPGQGLEWMGLINPSGGSTSYAQKLQGRVTMTRDTSTSTVYMELSSLRSEDTAVYYCARGRKVVVLPTAPSHDWGQGTLVTVSS,QPGLTQPPSVSAAPGQKVTISCSGSNSNIGNNYVSWYQQLPGTAPKLLIYDNNKRPSGIPDRFSGSKSGTSATLGITGLQTGDEADYYCGAWDSSLTTVVFGGGTKLTVL
ADI-47195,8.906,EVQLVESGGGLVQPGRSLRLSCTGSGFIFGDYAMTWVRQAPGKGLEWVGFIRSKTYGGTTQYAASVKGRFTVSRDDSNSIVYLQMNSLKTEDTAFYYCAGGTGRTYLDYWGQGTLVTVSS,QSALTQPASVSGSPGQSITISCTGTSSDVGGYNYVSWYQQHPGKAPKLIIYDVTNRPSGVSNRFSGSKSGNTASLTISGLQAEDEADYYCFSYTSSSTRVFGGGTKVTVL
ADI-47196,8.906,QVQLVESGGGVVQPGRSLRLSCAASGFTFSSYGMHWVRQAPGKGLEWVAVISYDGSNKYYAESVKGRFTISRDNSKNTLYLQMNSLRAEDTAVYYCAKDFVTCSSTSCYRGFMGWWGQGTLVTVSS,QPVLTQPPSASGTPGQRVTISCSGSSSNIGSNTANWYQQLPGTAPKLLIYGNNQRPSGVPDRFSGSKSGTSASLAISGLQSEDEADYYCASWDDSLNGWVFGGGTKLTVL
ADI-47083,8.921,EVQLLESGPGLVKPSETLSLTCTVSGDSINRSPYFWAWIRQPPGKGLEWIGSAYYSGSTYDNPSLKSRVTISVDTSKNQFSLNVRSVTAADTAVYYCARSNRDRRGYARFDNWGQGTLVTVSS,SYELTQPPSVSEAPRQRVTISCSGSSSNIGNNAVNWYQQLPGKAPKLLIYFDDLLPSGVSDRFSGSKSGTSASLAISGLQSEDETDYFCAAWDDSLNGPVFGGGTKLTVL
ADI-47198,8.926,QVQLVESGGGLVQPGGSLRLSCTASGFTFGNYGMSWVRQAPGKGLEWVSSISNSGGDTYYADSVRGQFTISRDNSKNTLYLQMNSLRAEDTAKYYCVKGHLVGGNTHYFEYWGQGTLVTVSS,DIQMTQSPSTLSASVGDRVTITCRASQSIDVWLAWFQQKPGKAPKLLIYMASSLESGVPSRFSGSGSGTEFTLTISSLQPDDFATYYCQQYKHYFPYAFGQGTKVEIK
ADI-47199,8.931,EVQLVETGPGLVKPSETLSLNCTVFGNSISSYYWSWIRQSPGKGLEWIGNIFHDGTTNYNPSLKSRVTMSLDTSNNQFSLKLSSVTAADTAVYYCARTGRLGEFSVRLDFWGQGALVTVSS,EIVLTQSPGTLSLSPGDRATLSCRASLSVSSSYLAWFQQKPGQAPKLLIYSSWRRATGIPDRFSGSGSRTDFTLTISRLEPEDFAVYYCQQYGTTPWTFGQGTKVDIK
ADI-47201,8.935,EVQLLESGGGLVKPGGSLRLSCAASGFAFSAYGMVWVRRATGKGLEWVSSIPGNSAYSHSADSVKGRFTISRDNDKNLLFLQMNSLTVDDTAVYYCARLVEPHFLDFWGQGTMVTVSS,QSVLTQPPSVSAAPGQKVTISCSGSNSNIGKSYVSWYQHLPGTAPKLLIYDNNKRLSGIPDRFSGSKSGTSATLAITGLQTGDEADYYCLSWDSSLVAGVFGGGTKLTVL
ADI-45447,8.945,EVQLVESGAEVKEPGESLRISCKGSGYSFTDYWISWVRQMPGKGLEWMGRIDPTDSYTSYSPSFEGHVTISTDKSISTAYLQWRSLKAPDTAMYYCARHSGSYPLTYFDYWGRGTLVTVSS,ETTLTQSPGTLSLSPGERATLSCRASQSVSSSYLAWSQQKPGQAPRLLIYGTSSRATGIPDRFSGSGSGTDFTLTISRLEPEDFAVYYCQQYGNSPYTFGQGTKVEIK
ADI-47293,8.95,QVQLVQSGAEVKKPGASMKVSCKASGYTFTGFYIQWVRQAPGQGLEWMGWINPNSGGTNYAQKFQGRVTMTRDTSINTAHMELKRLTSDDTAVYYCARGGVLFGGILILDYWGQGTLVTVSS,EIVLTQSPGTLSLSPGERATLSCRASQSVSIDSLAWYQQKRGQAPRLLIYGASSRATGIPDRFSGGGSGTDFTLTISRLEPEDFAVYYCQQYGISRLTFGGGTKVEIK
ADI-45378,8.95,EVQLLESGGGLVQPGGSLRLSCAASGFTFSSYWMSWVRQAPGKGLEWVANIKQDGSEKYYVDSVKGRFTISRDNAKNSLYLQMNSLRAEDTAVYYCARGYHSSSWPDVPLGYWGQGTLVTVSS,DIVMTQSPDSLAVSLGERATINCKSSQSVLYSSNNKNYLAWYQQRPGQPPKLLIYWASTRESSVPDRFSGSGSGTDFTLTISSLQAEDVAVYYCQQYYSTPPYTFGQGTKVEIK
ADI-47204,8.965,EVQLLESGGGVVQPGRSLRLSCVVSGFMFSGYGMHWVRRAPGKGLEWVAATSRDGSTQYYADSGKGRFTISRDSSQNTLYLQMNSLRGDDTAVYYCAKVGWSGPQPYYVYAMDVWGQGTTVTVSS,SYVLTQPPSVSVAPGQTARITCGGNNIGSKRVHWYRQRPGQAPVLVLSDNSDRPAGIPERFSGSSSANTATLTISRVEAGDEADYFCQVWDDTSDHVVFGGGTKLTVL
ADI-47093,8.989,EVQLVESGGGLAEPGGSLRLSCAASGFPFHGYSMYWVRQAPGKGLEWVSFIREYSTATYYADSVKGRFTISRDDAENALFLEMNNLRAEDTAVYYCARDLNRAYLDYWGQGTLVTVSS,DIVMTQSPATLSLSPGEGATLSCRASQSVSSNLAWYQQKPGQAPRLLIYDASNRATGIPARFSGSGSGTDFTLTISSLESEDFAVYYCQQRSNRLWAFGQGTKVEIK
ADI-47297,9.008,EVQLVETGPGLVRPSETLSLTCAVSGDSTGTYYWSWIRQSPGKGLEFIGYVFHDASTNYNPSLKSRVTISIDTSKKHFSLKVKSVTAADTAVYFCARFQAFGSSFDSWGQGILVTVSS,GIQLTQSPSTLSASVGDRVTITCRASQNINNWLAWYQQKPGQAPKLLLYKASNLHTGVPSRFSGSGSGTEFTLTISSLQPDDFATYYCQQYHRYLYTFGQGTKLEIK
ADI-45440,9.017,EVQLLESGGGLVQPGGSLRLSCAASGFTFSSYGMSWVRQAPGKGLEWVSA--SNADKTYYTGSVKGRFTISRDYSKNTLYLEMNSLRVEDTAVYYCAKEFGGSGWYSIDYWGQGTLVTVSS,QPVLTQSPSASASLGASVKLTCTLNSGHSNSAIAWHQLRPEKGPRFLMKVNGDGSHNKGDGVPDRFSGSSSGAERYLIISSLQSEDEADYYCQTWGSATWVFGGGTKLTVL
ADI-47209,9.037,QVQLVQSGPALVKPTQTLTLTCTFSGFSLSTSGMCVSWIRQPPGKALEWLALIDWDDDKYYSTSLKTRLTISKDTSKNQVVLTMTNMDPVDTATYYCARTPVAVAGRHFDYWGQGTLVTVSS,DIRLTQSPDSLAVSLGERATINCKSSQSVLYSSNNKNYLAWYQQKPGQPPKLLIYWASTRESGVPDRFSGSGSGTDFTLTISSLQAEDVAVYYCQQYYSTPITFGGGTKVDIK
ADI-46678,9.056,QVQLVQSGGGVVQPGRSLRLSCAASGFTFNTYAMHWVRQAPGKGLEWVALISYDGANKYYADSVKGRFTISRDNSKNTLYLQINSLRAEDTAVYYCASGGLVVTTPLDYWGQGTLVTVSS,EIVMTQSPATLSVSPGERATLSCRASQSVSSNLAWYQQKPGQAPRLLIYGASTRATGFPARFSGSGSGTEFTLTISSLQSEDFAVYYCQQYNNWSMNTFGQGTKLEIK
ADI-47099,9.071,QITLKESGPTLVKPTQTLTLTCTFSGFSLSTSGVGVGWVRQPPGKALEWLALIYWDDDKRYSPSLKSRLTITKDTSKNQVVLTMTNMDPVDAATYYCVHRPESYYHYGMDVWGRGTTVTVSS,ETTLTQSPATLSLSPGESATLSCRASQTVTTFLAWYQQKPGQAPRLLIYDASNRATGIPARFSGSGSGADFTLTISSLEPEDFAVYYCQQRGDWPFTFGPGTKLEIK
ADI-47300,9.076,QVQLVESGPGLVKPSETLSLTCTVSGGSISTYHWSWIRQPPGKGLEWIGYIYYTGSTNYNPSLKSRVTMSVDTSKNQFSLRLNSVTQADTAVYYCARLPDKLRFSLDRRPRTSIWGQGTTVTVSS,DIQLTQSPSTLSASVGDRVTITCRASQSIGSWLAWYQQKPGRAPKLLIYKASSLESGVPSRFSGSGSGTEFTLTISSLQPDDFATYSCQQYNSNSPAFGGGTKVEIK
ADI-47100,9.081,QVQLVQSGAEVKRPGASVKVSCKASGYTFIGYYIHWVRQAPGQGLEWMGWMNPNGGGTNYAHKFQARVTMTRDTSISTASMELSNLRSDDTAVYYCAKERGESIAGEGELEYWGQGTLVTVSS,DIVMTQSPLSLPVTPGEPASISCRSSQSLLNSNGYNYLDWYLQKPGQSPQLLLYLGSNRASGVPDRFSGSGSGTDFTLQISRVEAEDVGVYYCMQALQTPLTFGGGTKLEIK
ADI-47215,9.086,EVQLVESGGGLVKPGESLRLSCAASGFTFTNAWMNWVRQAPGKGLEWVGRIKSKTHGGTTDYAAPVKGRFTISRDDSKNTVYLQMNSLKTEDTAVYYCTTGLFPWGDFFNYWGQGTLVTVSS,EIVMTQSPATLSVPPGERATLSCRASQSVSSNLAWYQHKPGQAPRLLIYTASTRATGIPARFSGSGSGTEFTLTISSLQSEDFAVYYCQQYHDWPITFGQGTRLEIK
ADI-47216,9.096,EVQLVESGPGLVKLSETLSLTCTASGGSISSSSHYWTWIRQSPGKGLEWIGSIYYRGSTYYNPSLKSRVTMSVDTSKNQFSLRLSSVTAADTAVFYCARYGLELHSSYYAMDVWGQGTTVTVSS,DIQMTQSPSSLSASVGDRVTITCRASQSASSNLNWYQQKPGKAPKLLIYAASSLQSGVPSRFSGSGSGTDFTLTISSLQPEDFATYFCQQSYTTPYTFGPGTKVDIK
ADI-47217,9.1,EVQLLESGPGLVKPSQTLSLTCTVSGGSISSGSYYWNWIRQPAGRGLEWIGRIYTTGNTDYNPSLKSRVTISVDTSKKQFSLQLSSVTAADTAVYYCARRGGDYGRPFDIWGQGTTVTVSS,QPALIQPRSVSGSPGQSVTISCTGTSSDVGGYNYVSWYQQHPGKAPKLMIYDVTERPSGVPDRFSGSKSGNTASLTISGLQAEDEADYYCSSYAGTHYVVFGGGTKLTVL
ADI-46710,9.1,QVQLVESGGGVVQPGRSLRLSCAASGFTFSSYAMHWVRQAPGKGLEWVAVISYDGSNKYYADSVKGRFTISRDNSKNTLYLQMNSLRAEDTAVYYCAREGSKRLGAPYYYGMDVWGQGTTVTVSS,ETTLTQSPSSLSASVGDRVTITCRASQSISNYLNWYQQKPGKAPKLLIYAASSLQSGVPSRFSGSGSGTDFTLTISSLQPEDFATYYCQQSYSTPRTFGQGTKVDIK
ADI-47301,9.115,QVQLVESGGGLVQPGGSLRLSCAASGFTFSRYTMHWVRQAPGKGLEYVSAITSNGGSTYYANSVKGRFIISRDNSKNTLYLQMGGLRGEDMAVYYCARGVGAARTFDYWGQGTLVTVSS,QSALIQPASVSGSPGQSITISCTGTSSDVGGYNYVSWYQHHPGKAPKLMIYDVSNRPSGVSNRFSGSKSGNTASLTISGLQAEDEADYYCSSYTSSSPYVFGTGTKLTVL
ADI-47187,9.119,QVQLVQSGAEVKKPGASVKVSCKASGYTFTSYDINWVRQATGQGLEWMGWMNPDSGNTGYAQKFQGRVTMASNTSIRTAYMELSSLRSEDTAVYYCARRGYCSGGSCPHLTGDHENWFDPWGQGTLVTVSS,DIVMTQSPSSLSASVGDRVTITCRASQSISSYLNWYQHKPGKAPKLLIYAASSLQSGVTSRFSGSGSGTDFTLTISSLQPEDFATYYCQQSYSTPWTFGQGTKVDIK
ADI-47105,9.13,EVQLVESGGGLVKPGGSLRLSCAASGFGFSDYYMTWIRQAPGKGLEWVSYI--SDAYTSYADSVQGRFTISRDNAKNSLYLQMSSLRAEDTAVYYCARVTLMGYYFDSWGQGTLVTVSS,ETTLTQSPATLSLSPGERATLSCRASQTVGTYLAWYQQKPGQAPRLLIYDTSNRATGIPARFSGSGSGTDFTLTISSLEPEDFAVYYCQQRGKWPSYTFGQGTKVEIK
ADI-47106,9.134,EVQLVESGGGLMQPGGSLRLSCAASGITSSFYAMSWVRQAPGKGLEWLSAISSTGVRTYYVDAVKGRFTTSRDNSKNTLSLQMNSLRVEDTAVYYCAISPSCGRDCDAFIGHFDYWGQGTTVTVSS,SYELTQPPSASGTPGQRLTVSCSGSSSNIGTNFVYWFQQLPGTAPKLLIYRDNQRPSGAPDRFSASKSGTSASLAISGLRSEDEADYYCAVWDDRLSNWVFGGGTQLTVL
ADI-45490,9.144,QVQLVQSGAEVKKPGESLKISCKGSGYSFTSYWIGWVRQMPGKGLEWMGIIYPGDSDTRYSPSFQGQVTISADKSISTAYLQWSSLKASDTAMYYCASRRPYGGKRVMGAFDIWGQGTMVTVSS,QPVLTQPPSASGSPGQSVTISCTGTSSDVGGYNSVSWYQQHPGKAPKLMIYEVSKRPSGVPDRFSGSKSGNTASLTVSGLQAEDEADYYCSSYAGSNVVFGGGTKLTVL
ADI-47302,9.149,QVTLKESGPTLVKPTQTLTLTCTLSGFSLSTSGVGVGWIRQPPGKAPEWLALIYWDDDKRYSPSLKSRLTITKDTSKNQVVLTMTNLDPVDTATYYCARLYGSGSYYKRIWFDSWGQGTLVTVSS,EIVMTQSPSSLSASVGDRVTITCRASQSVSNYLNWYQQKPGKAPKLLIYAASSLQSGVPSRFSGSGSGTDFTLTISSLQPDEFATYYCQQSYSNPYTFGQGTKVEIK
ADI-47109,9.164,EVQLVESGGGLVKPGGSLRLSCETSGFIFSAHNMCWVRQAPGKGLEWISSINSFSTFIYYADSVKGRFTISRDNAKNSLYLQMDSLTAEDTAVYYCARESSGTRNWGQGTLVTVSS,DIVLTQTPSTLSASVGDRVTITCRASQSISSWLAWYQHKPGKAPKLLMYKASVLENGVPSRFSGDGSGTEFTLTINNLQPDDFATYYCQQYHSYSYTFGQGTKVDIK
ADI-47304,9.193,QVQLVQSGAEVKKPGASVKVSCKASGYSFTIYPMHWVRQAPGQRLEWMGWINAGNGNTKYSQKLQDRVTITRDTYASTVYMELRSLRSEDTAVYYCARVGLSTAIQFWGQGTLVTVSS,DIRVTQSPDSLAVSLGERATINCKSSQSVLNSSNNKNYLAWYQQKPGQPPKLLIYWASIRESGVPDRFSGSGSGTDFTLTISSLQAEDVAVYFCQQSHSTPALTFGGGTKVEIK
ADI-47112,9.193,QVQLVQSGGGVVQPGRSLRLSCAVSGFTFSSYGMHWVRQAPGKGLEWVALIWYDGSNKYYADSVKGRFTISRDNSKNTLYLQMNSLRAEDTAVYYCARDPRNFLGGEDDYWGQGTLVTVSS,SYVLTQPPSVSVAPGKTARITCGGNNIGSKHVHWYQQKPGQAPALVVYDDSDRPSGIPERFSGSNSGNTATLTISRVEAGDEADYYCQVWDSSTDHVVFGGGTKVTVL
ADI-47113,9.198,EVQLLESGGGVVQPGSSLRLSCAASGFTFSYYALHWVRQAPGKGLEWVGIISDDGTRKYYGDSVKGRFTMSRDIAKNTLFLEMNDLGSEDTAMYYCARAYTNAWYAGYWGQGIQVTVSS,EIVLTQSPGTLSLSPGERATLFCRASQTITSNYLAWYQKKPGQAPRLLIYDASSRATGIPDRFGGSGSGTDFTLTITRLEAEDVAVYYCQQYVTAPFAFGQGTKLEIK
ADI-47224,9.207,QVQLVESGGGLVQPGGSLRLSCAPSGFTFASNAVSWVRQAPGKGLEWVSGI--SGGRPYYADSVKGRFTISRDNSKNTVYLQMSSLRAEDTAVYYCAKDPGSWIAYLAAFDIWGQGTMVTVSS,ETTLTQSPDSLAVSLGERATINCKSSQSVLNSSNNKNYLAWYQQKPGQPPKLLIYWASTRESGVPDRFSGSGSGTDFTLTINSLQAEDVAVYYCQQYYHIPPTFGPGTKVEIK
ADI-47225,9.236,QVQLVQSGPGLVKPSDTLSLTCAVSNYSINNSNWWGWIRQPPGKGLEWIGYIFHSGSTHYNPSFKSRVIMSVDTSKNQFSLKLSSVTAVDTAVYYCAGKSQWPWDGFDMWGQGTMVTVSS,QSVLIQPASVSGSPGQSITISCTGTSNDFGHYNYVSWYQHHPGKAPKLMVYQVSNRPSGVSNRFSGSKSGNTASLTISGLQAEDEADYYCSSYTTDSLYVFATGTKLTVL
ADI-45429,9.255,EVQLVESGGGLVQPGGSLRLSCAASGVTFSNYAMHWVRQAPGKGLEYVSGISSNGGTTYYVNSVKGRFTISRDNSKNTLYLQMGSLTTEDTAVYFCARDGRGYSGTYALIPFDYWGQGTLVTVSS,DIRVTQSPATLSVSPGERATLSCRASQSVSSNLAWYQQKPGQAPRLLIYGASTRATGIPARFSGSGSGTEFTLTISSLQSEDFAVYYCQQYNNWPRTFGPGTKVDIK
ADI-47119,9.261,EVQLVESGGGLLQPGESLRLSCAPSRFALSSNAMGWVRQAPGKGLEWVSGING-AGSTYYADAVKGRFTISRDNSKNLVYLQVTSLRAEDTAVYYCVQEGPAVTSLPYTFYALDVWGQGTTVTVSS,QSVLTQPPSVSAAPGQKVTISCSGSSSNIGDKYVSWYQQLPETAPKLLIYDNDKRPSGIPDRFSGSKSGTSATLGITGLQTGDEADYYCGTWDTSLRAWVFGGGTKLTVL
ADI-47308,9.275,QVQLVQSGAEVKKPGESLKISCKGSGYSFTSSWIAWVRQMPGKGLELMGIIYPSDSDTRYSPSFQGQVTISADKSISSAYLQWSSLKASDTAMYFCASQQSGSIVARAGYYGMDVWGQGTTVTVSS,DIQMTQSPTSLSASVGDRVTITCRASQSITTYLNWYQQKPGKAPKLLIYAASSLQSGVPSRFSGSGSGTHFTLTISSLQPEDFATYYCQQSYSTPGTFGPGTKVDIK
ADI-47121,9.28,EVQLLESGGGVVQPGRSLRLSCAASGFIFSQFDMHWVRQAPGKGLEWVALVSPYGSRQHHADSVKGRFTISRDNPKNTLFLEMNSLRAEDTAVYYCAKGGGFGGLDVWGQGTTVTVSS,QSVLTQPPSVSGAPGQRVTISCSGSRSNIGAGYDVHWYQQVPGTAPKLIVYDNSDRPSGVPDRFSGSKSGVSASLAITGLQAEDEADYYCQSYDTSLSTSYVFGTGTKLTVL
ADI-47122,9.285,EVQLVESGGALVQPGRSLRLSCTASGFMFDDYAISWVRQAPGKGLEWVGFIRGKAYGGTTEYAASVKDRFSISRDDSKKIAYLEMNSLKSEDTGVYYCAPLDWDQIHYGMDVWGQGTTVTVSS,DIVMTQSPLSLPVTPGEPASISCRSSQSLLHSNGYNYLDWYLQKPGQSPQLLIYLGSNRASGVPDRFSGSASGTDFTLKISRVEAEDVGVYYCMQALETPLTFGGGTKVDIK
ADI-47311,9.294,QVQLVQSGGGLIQPGGSLRLSCAASGFTISSRYMNWVRQAPGKGLEWLSLTYNGGNTRYADSVKGRFTVSRDTSKNTLYLQLNSLRAGDTAVYYCARDTHGYSFAQWGQGTLVTVSS,QPGLTQPPSASGSPGQSVTISCTGTSSDIGGYNYVSWYQQHPGKAPKLIIYEVTRRPSGVPDRFSASKSGNTASLTVSGLQAEDEANYHCSSYGGNNNLIFGGGTKVTVL
ADI-47123,9.309,QVQLQQWGAGLLKPSETLSLTCAVSGGSLNNYYWTWIRQPPGKGLEWIGEINHSGITNYNPSLKSRVTISMDTSSTQFSLMMSSLTAADTAVYYCARALRGGLDILNWVDPWGQGTLVTVSS,DIQLTQSPSSLSASVGDSVAITCRATQDINSFLAWYQQEPGKAPKLLIYAASTRQSGVPSRFSGSGSGTDFTLTISSLQSEDFATYFCQQLRSYPRTFGQGTKVEIK
ADI-47231,9.358,QVQLVESGGGLVKPGGSLRLSCAASGFTFSDYFMGWIRQAPGKGLEWVSHITRGSSSYTSYAASVRGRFTVSRDYAKNSLDLQMNNLRAEDTAVYYCVRGGAYYDLPLDVWGQGTTVTVSS,QSVLTQPPSVSGAPGGRVTISCTGTSSNLGSTYDVHWYQQVPGTAPKVLIVGNSNRPSGVPDRFSGSKSGTSAALAITGLQAEDEADYYCQSYDTSLGGWVFGGGTKLTVL
ADI-47232,9.358,EVQLVESGGGLVQPGGSLRLSCSASGFIFSNHNMNWVRLAPGKGLEWVSHISSSGSTMYYADSVKGRFTIARDNAKNSLYLQMNSLRAEDTAVYYCARVYQDVLDFLDGPKKPGSHYYYGLGVWGQGTLVTVSS,DIVLTQSPATLSVSPGERATLSCRASQSISNNLAWYQQKPGQAPRLLIYGASTRATGIPARFSGSGSGTEFTLTISSLQSEDFAIYYCQQCTNWPPWTFGQGTKVEIK
ADI-47258,9.372,EVQLVESGAEVKKPGSSVKVSCRASGGSFNSHAISWVRQAPGQGLEWMGRIIPILDITNYAQRFQGRVTFTADKSTTTAYMELSSLTSDDTAVYYCAREQQAAAGANYYYYGMDVWGQGTTVTVSS,DIQLTQSPDSLAVSLGERATINCKSSQSVFYNSNNKNYISWYQQKRGQPPKLLIYWASTRESGVPDRFSGSGSGTDFTLTISSLQAEDVAVYYCQQFFTTRLSFGPGTKVDIK
ADI-46677,9.406,EVQLVESGGGLVQPGGSLRLSCAASGFTLSSYAMSWVRQAPGKGLEWVSAISGSGGSTYYADSVKGRFTISRDNSKNTLYLQMNSLRAEDTAVYYCAKDERWAHFDYWGQGTLVTVSS,DIRLTQSPSSLPASVGDRVTITCRASQDISVFLAWFQQKPGKAPRSLIYAASSLHSGVPSHFSGSGSGTEFTLTISSLQPEDFATYYCQQYNDYPVTFGQGTRLEIK
ADI-45491,9.406,QVQLQQWGAGLLKPSETLSLTCGVNGGSFSGYYWSWIRQPPGKGLEWIGEINHGGGTTYNPSLKSRVTISVATSKNQFSLRLNSVTAADTAVYYCVRGRGFSSGPCLRHWGQGTLVTVSS,EIVMTQSPDSLAVSLGERATIDCKSSQSVLYTSNNKNYLAWYQQKPGQPPNLLIYWASTRESGVPDRFSGSGSGTDFTLTISSLQAEDVAVYYCQQYFSTPRTFGQGTKVEIK
ADI-47313,9.454,QVQLVQSGPGVVKPSQTLSLTCTVSGGSISSNYYHWNWIRQPPGKGLEWLGFIDDSVTMYYNPSLKSRLIMSMDTSKNQFSLNVSSLTAADTAVYYCATGLRGSGGLGYWGQGTLVTVSS,DIRLTQSPSTLSASVGDRVTITCRASQSISTWLAWFQQKPGKAPKIVIYKASSLENGVPSRFSGSGSGTDFTLTINSLQPDDFATYYCQQYIGHSWTFGQGTKVEIK
ADI-45373,9.532,QVQLVQSGGGVVQPGRSLRISCVASGFTFNIYGMHWVRQPPGKGLEWVAVISYDGNQQYSTDSVQGRFIISRDDSKNTLYLQMNSLRGEDTAVYYCAKAAGSGFSYNGLDVWGQGTTVTVSS,EIVMTQSPATLSVSPGERATLSCRASQSIRNNLAWYQQKPGQAPRLLIYGASTRATGIPARFSGSGSGTEFTLTISSLQSEDFAVYYCQQYNNWPPLTFGGGTKVEIK
ADI-47132,9.557,QVQLVQSGAEVKKPGASVRVSCLASGYSLIDYYIHWVRQAPGQGLEWMGWINPALGTTKYEQKFQGRVTMTRDTTINTVYMQMSGLTSDDTAVYFCARWNFEGFDSWGQGTLVTVSS,ETTLTQSPGTLSVSPGERATLSCRASQSVSSLLVWYQQKAGQAPRLLISGAANRAPGIPARFSGSGSGTDFTLTISSLEPEDFAVYYCQHHSNWPWTFGQGTKLEIK
ADI-47237,9.6,EVQLVESGPGLVKPSETLSLTCTVFGHSISSDYYWGWIRQPPGKGLEWIGSIYHGGSTYYNPSLKSRVTMSVDTSKNQFSLKLSSVAAADTAVYYCARETGTGFPIPAPGRAFDIWGQGTTVTVSS,QSALIQPASVSGSPGQSITISCTGTSSDVGNYNLVSWYQQHPGKAPKLMIYEVIKRPSGVSNRFSGSKSGNTASLTISGLQAEDEADYY-CCSYANSPTAHLLFGGGTKVTVL
ADI-47238,9.6,QVQLVQSGGGLVQPGGSLTLSCAASGFTFSSYAITWVRQAPGKGLEWVSSIIASGGSTFYTDSVKGRFTISRDNSKNTVYMQMNSLRAEDTAVYYCAKRGYCSTASCQRPYGQFDYWGQGTLVTVSS,DIVLTQTPLSLSVTPGQPASISCKSSQSLLHSNGYNYLDWYLQKPGQSPQLLIYLGSNRASGVPDRFSGSGSGTDFTLKISRVEAEDVGVYYCMQALQTPFTFGGGTKVDIK
ADI-47135,9.62,EVQLLESGGGVVQPGRSLRLSCAASGFTFSSFAMHWVRQAPGKGLEWVAVIWYDGTNKYYVDSVKGRFTISRDNSKNTLDLQMNGLRVEDTAVYYCARDDSGSRRGYTVRSGDYYYHMDVWGKGTTVTVSS,NFMLTQPHSVSESPGKTVTISCTRSSGFIASNYVQWYQQRPGSAPTIVIFEDDQRPSGVPDRFSGSIDSSSNSASLTISGLKTEDEADYYCQSYDRSAVVFGGGTKLTVL
ADI-47243,9.668,QITLKESGPTLLKPTETLTLTCTFSGFSLTSTGVGVGWIRQPPGKALEWLGFIYWDDDKRYSPSLRSRLTITKDTSRNQVVLTMTNMEPVDTATYYCAHRRVGSGSGWNEGDFDYWGQGTLVTVSS,DIRLTQSPVTLSLSPGERATLSCRASQSVSSYLSWYQQKPGQAPRLLIHDASIRATGIPTRFIGSGSGTDFTLTIYYLEPEDFAVYYCQQRSVWVTFGGGTKVEIK
ADI-45375,9.736,EVQLLESGGGVVQPGRSLRLSCAASGFTFSTHVMHWVRQAPGKGPEWVAVIWYDGANRWYADSVRGRFTISRDNSRDTLYLQMNSLRADDTGLYYCARDLGTSDLNSYYYYGMDVWGQGTTVTVSS,SYELTQPPSASGTPGQRVTISCSGSSSNIGNNFVYWYQQLPGTAPKLLIYRNDQRPSGVPDRFAGSKSATSASLAISGLRSEDEADYYCEAWDDSLSVVVFGGGTKLTVL
ADI-47244,9.756,QVQLVQSGTEVKKPGASVKVSCKASGYSFTSSYIHWVRQAPGQGLEWMGVINPSYGNTAHAQNFQGRVTMTRDTSTSTVYMELSSLRFEDTAVYYCARVLPPVILVQGSLGGLVRGMDVWGQGTTVTVSS,DIRLTQSPSLLSASVGDRVTITCRASHDISSYLAWYQQKPGTAPKLLIYGAFTLQSGVPSRFSGSGSGTEFTLTISGLQPEDFATYYCQQLNSYLITFGQGTQVEIK
ADI-47247,9.78,QVQLQESGPGLVKPSETLSLTCTVSGGSISSYHWSWIRQAPGQGLEWIGYIYYTGSTYYNASLKSRVTISLDTSKNQFSLKLSSVTAADTAVYYCARAMLVNQYYYGMDVWGQGTTVTVSS,EIVLTQSPGTLSLSPGERATLSCRASQSVNSRYLAWYQQKPGQAPRLLIYGASSRATGIPDRFSGSGSGTDFTLTISGLEPEDFAVYYCQQFGISVTFGGGTKVDIK
ADI-47140,9.813,QVQLVQSGAEVKKPGASVKMSCKASGYNFIGYGISWVRQAPGQGLEWMGWISAYNDNTHYAQRLQGRVTMTTD--TSTAYMELRSLRPDDTAVYYCARDAPLDTDMPYDQFYYGMDVWGQGTTVTVSS,EIVMTQSPFSLPVTLGQPASISCRSSQSLVHSDGNTYLNWFQQRPGQSPRRLIYKVSNRDSGVPGRFTGSGSGTDFTLKISRVEAEDVGVYYCMQGTHWPQTFGQGTKVDIK
ADI-47317,9.833,EVQLVESGGGLVQPGGSLRLSCAASGFTISSYWMTWVRQAPGKGLEWVANIKQDGSEKYYVDSVKGRFTISRDNAKNSLYLQMNSLRAEDTAVYYCARDSGGSDFWRGYYYFDYWGQGTLVTVSS,QSVLIQPASVSGSPGQSITISCTGTSSDVGGYKYVSWYQQHPGKAPKLMIYEVSNRPSGVSNRFSGSKSGNTASLTISGLQAEDEADYYCSSYRRGSTRVFGTGTKLTVL
ADI-45448,9.847,QVQLVQSGAEVKKPGESLKISCRASGYSFSDYWIGWVRQMPGKGLEWMGIMYPRNSDIRYRPSFQGQITMSADKSSSTAYLQWGSLKASDTAMYYCSIMADGTFYFDPWGQGTLVTVSS,QSVLTQPASVSGSPGQSITISCTGTSSDIGVYNYVSWYQQHPGKAPKLLIYDVTNRPSGVSNRFSGSKSGKTASLTISGLQAEDEADYYCNSYIYNRSPNYVFGTGTKVTVL
ADI-47143,9.94,QVQLQESGPGLVKPSGTLSLTCVVSGGSISSSHWWSWVRQAPGKGLEWIGEIYHRGSTNYNPSLKSRVTISLDKSKNQFSLRLSSVTAADTAVYYCAREVIEDSYDSSGYNFYYYYGMDVWGQGTTVTVSS,DIVLTQSPSSLSTSVGDRVTITCRASQNIDNYLNWYQQKPGKAPKLLISAAFNLESGVPSRFSGSGSVTDFTLTITSLQPEDFATYYCQQSHSTPRTFGQGTKVEIK
ADI-45382,9.959,QVQLQESGPGLVKPSETLSLTCTVSGGSIRSYYWSWIRQPPGKGLDWIGYINYNGDTNYNPSLKSRVTISVDTSKNQFSLNLTSVTAADTAIYYCARDAGDRYCTGGSCYSRPNWFDPWGQGTLVTVSS,DIVLTQSPATLSLSPGERATLSCRASQSVSSYLAWYQQKPGQTPRLLIYDASLRATGVPARFSGSGSGTDFTLTIGSLEPEDFAVYYCQQRSNWPPEITFGQGTRLEIK
ADI-47253,9.979,QVQLVQSGRGMVQPGRSLRLSCAASGFTFSNYGMHWVRQAPGKGLEWVAFIWYDGSNQYFADSVKGRFTISRDNSKNTVFLQMNSLRAEDTAIYYCARSTGGQDSYYFDYWGQGTLVTVSS,DIQMTQSPSSLSASVGDRVTITCRASQSINNFLNWYQQKPGQAPKVLIYAASSLESGVPSRFSGSGSGTDFTLIIGSLQPEDFATYYCQQTYSTPLTFGGGTKVDIK
ADI-47256,10.023,EVQLVQSGAEVKKPGESLKISCQGSGYSSSSYWIGWVRQRPGKGLEWMGIVYPGDSDTRYSPSFQGQVTFSADRSTNTAYLQWSSLQASDTAMYYCARRRGVSGTYYFDLWGQGTLVTVSS,QSVLTQPASVSGSPGQSITISCTGTSSDVGSYNLVSWYQQHPGKAPKLLIYEGSKRPSGVSNRFSGSKSGNTASLTISGLQAEDEADYYCCSDTGGSARYVFGSSSAPYVFGTGTKLTVL
ADI-47166,10.09,QVQLVQSGAEVKKPGSSVNLSCKISGGTFYSNTINWVRKAPGQGLEWMGGIIPIMNTVKYGQKFQGRIKITADRATGVGYMELSFLTSEDTAVYYCARDRSSDIRAYDTSREDAFDVWGQGTTVTVSS,QSVLTQPPSVSASPGQKVTISCSGSSSNIGNNYVSWYQQLPGTAPKLLIYDNTKRPSGIPDRFSASKSGTSATLGITGLQTGDEAEYYCATRDSSLSGMLFGGGTQLTVL
ADI-45428,10.372,QVQLVQSGAEVKKPGASVKVSCKASGYTFTSYGISWVRQAPGQGLEWMGWISAYNGNTNYAQKLQGRVTMTTDTSTSTAYMELRSLRSDDTAVYYCARARRGCSGGSCYLMPYNWFDPWGQGTLVTVSS,QSALIQPPSASGSPGQSVTISCTGTSSDVGGYNYVSWYQQHPGKAPKLMIYEVSKRPSGVPDRFSGSKSGNTASLTVSGLQAEDEADYYCSSYAGSNNLYVFGTGTKVTVL
ADI-47149,10.503,QVQLQESGPGVVKPSETLSLTCSVSGGSIINFNYHWGWIRQPPGKGLEWIASIYHDGVTYYNASLRSRLTISVDTSKNQFSLKVSPVTAADTALYYCVRHSGAGSINYYGMDVWGQGTTVTVSS,ETTLTQSPLFLPVTPGEPASISCRSSQSLLHSNGYNYLDWYLQKPGQSPQLLIYLGYNRASGVPDRFSGSGSGTDFTLKISRVEAEDVGVYYCLQALQTPRTFGGGTKLEIK
ADI-47151,10.546,EVQLVESGGGFVKPGGSLRLSCTASGFSFSRVYMNWVRQAPGKGLEWVGRVRTNADGGTPDSAAPLRGRFTASRDDSKYTMYLQMNSLQIEDTAVYFCTTGYHDSSGYVDLWGHGTLVTVSS,SYVLTQPPSVSETPGQRVTISCSGSTSNIGRYDVNWYRQLPGTAPKLLIYSNNQRPSGVPDRISGSKSGTSASLAISGLQSEDEADYYCAAWDDSLDGVIFGGGTKLTVL
ADI-47152,10.551,EVQLVQSGGGLVQPGGSLRLSCAASGFTFSSYSMTWVRQAPGMGLEWVSYMSTSSGAVYYADSVKGRFTMSRDNAKNSLYLQMSSLRDEDTAVYYCQWRALRGSRWLGPDYWGQGTLVTVSS,QYELTQPPSASGTPGQRVTLSCSGSSSNIGSYTVNWYQQLPGTAPKPLIYSTSQRPSGVPDRFSGSKSDTSASLAISGLQSEDEADYYCAAWDDSLNGWVFGGGTKVTVL
ADI-47259,10.717,EVQLVESGGGLVKPGGSLRLSCAASGFTFSSIWMGWVRQAPGKGLEWVGRIKSITDRGTTDYAAPVKGRFTISRDDSKNTLYLQMNSLKTEDTAVYYCTSSNTAVNYYYGMNLWGQGTTVTVSS,DIVMTQTPLSLPVTPGEPASISCRSSQSLLHSNGNNYLDWYVQKPGQSPQFLIYLGSNRASGVPDRFSGSGSGTDFTLRISRVEAEDVGVYYCMQGLQTPFTFGPGTKVEIK
ADI-47260,10.74,QVQLVESGGGVVQPGRSLRLSCAASEFTFSTYGLHWVRQAPGKGLEWVAVISYDASKKWYADSVKGRFTISRDNSKNTLYLQMNSLRAEDTGVYYCAKEAGPGDYYDSSGYYPSIARHHYYYGMDVWGQGTTVTVSS,EIVLTQSPSSLSASAGDRVTITCRASQSISNYLNWYQQKPGKAPKLLIHTASSLQSGVPSRFSGSGFGTDFTLTISSLQPEDFATYYCQQSYSIPLTFGQGTRLEIK
ADI-47261,10.809,QVQLVESGAEVKKPGGSVKVSCKASGYTFTGYYIHWVRQAPGQGLEWMGWINPDNGGTRFAQKFLGRVTMTKDTSISTAYVEVSGLRSDDTAVYYCARGFASGWTDFHFWGQGTLVTVSS,EIVLTQSPATLSLSPGERATLSCRASQSVSNYLAWYQQKPGQAPRLLIYDASNRATGIPDRISGGGSGTDFTLTISSLEPEDFAVYYCQQRANWLTFGGGTKVEIK
ADI-47155,10.984,QVQLVQSGSEVKKAGSSVKVSCKASGDIFTSFSVSWVRQAPGQGLEWMGGIISVFGTTNYAPKFQGRVTITADESTSTAYMELSSLRSDDTAVYFCARGPWEYPYNFDHWGQGTLVTVSS,EIVMTQSPSSLSASVGDRVIITCRASQAIRNDLGWYQQRPGKAPERLIYAASTLQSGVPSRFSGSGSGTEFTLTISSLQPEDFATYYCLQHTSYPLTFGGGTKVDIK
ADI-47153,11.148,EVQLVESGSEVKEPGASVRVSCGTPAYNFASHYITWLRQAPGQGFEWIGWISGYNGATNYAQSLQDRVTLTTDPSTATAFMDLRNLRSDDTAVYFCARDQSRENWEPVALDLWGQGTMVTVSS,QSVLIQPHSVSGSPGQSVAISCTGTRSDVAGYDSVSWYQQHPGKAPKLIIYDVSKRPSGVPARFSGSKSGNTASLTISGLQAEDEADYHCSSHAGDSTLVFGGGTKVTVL
ADI-47158,11.386,QVQLVQSGAEVKKPGASVRLSCEVSGYTFTSYYIHWVRQAPGQGLEWMGTIRPTGGGTRSPEKFQDRVILTTDTSTSTVFMELSRLTSDDTAVYYCATFGGGSISGVVVRDDMDVWGQGTTVTVSS,EIVMTQSPATLSVSPGERATLSCRASQTISNSLAWYQHKVGQAPRLLIYDASNRATGIPVRFSGSGSGTDFTLTISSLEPEDFAVYYCQLRSNWPPGFTFGGGTKVDIK
ADI-45438,11.643,EVQLLESGAEVKKPGSSVKVSCKASGGSFNNYAISWVRQAPGQGLEWMGGIIPVFGTPKYAQKFQGRVTITADEYTSTAYMELSSLKSEDTAVYYCAAWSGYYGYYLSYGLDVWGQGTTVTVSS,DIVMTQTPGTLSLSPGERATLSCRASQTVSSNSFAWYQQKPGQAPRLLIYGVSSRATGIPDRFSGSGSGTDFTLTISRLEPEDFAVYYCQQYGSSPAFGQGTKVEIK
ADI-47161,11.775,EVQLVESGGGLVKPGGSLRLSCATSGFSLNSYSMNWVRQAPGKGLEWVASISTSRTSYRYYADSVYGRFTISRDGAENSLVLQMSSLRSEDTAVYYCARVGTIFGDYFYNYMDVWGKGTTVTVSS,ETTLTQSPLSLPVTPGEPASISCKSSQSLLHISGDNYLDWYIQRPGQSPQLLIYLGSKRASGVPDRFSGSGSGTDFTLKISRVETEDVGVYYCMQALQWPLTFGGGTKVDIK
ADI-38498,8.804,EVQLLESGGGVVQPGRSLRLSCAASRFTFSGYAMHWVRQAPGKGLEWVAIIWYDGSNKYYADSVKGRFTISRDNSKNTLYLQMNSLRAEDTAVYYCARVGCSGGSCRPYYYYGMDVWGQGTTVTVSS,FYVLTQPPSVSVAPGMTARITCGGNDIGSKSVHWYQQKPGQAPVLVVYDDSDRPSGIPERFSGSNSGNTATLAISRVEAGDEADYYCQVWDSSSDHYVFGTGTKLTVL
ADI-38500,9.294,EVQLVESGGGLVQPGGSLRLSCAASGFTFSSYEMNWVRQAPGKGLEWVSYISSSGSTMYYADSVKGRFTISRDNARNSLYLRMNSLRAEDTAVYYCASHGDDCRGGSCISYWGQGTLVTVSS,QSVVTQPPSVSGAPGQRVTISCTGSSSNIGANYDVHWYQQLPGTAPKLLIYGNTNRPSGVPDRFSGSKSGTSASLAITGLQADDEADYYCQSYDSSLSWVFGGGTKVTVL
ADI-38499,9.901,QVQLVQSGAEVKRPGASVKVSCKASGYTFTSYGISWVRQAPGQGLECMGWISAYNGNTNYAQKLQGRVTMTTDTSTSTAYMELRSLSSDDTAVYYCTRGLTTDALDIWGQGTTVTVSS,QSVLTQPPSVSGAPGQRVTISCTGSSSNIGAGYDVHWYQQLPGTAPKLLIYVNSNRPSGVPDRFSGSKSGTSASLAITGLQAEDEADYYCQSYDSSLSGSVFGTGTKLTVL
ADI-45397,8.624,EVQLVQSGSELKKPGASVKVSCKASGYTFTTYAMTWVRQAPGQGLEWMGWINTKTGKPTYAPGFTGRFVLSLDTSVSTAYLQISSLKAEDTAVYFCARDNGRRFDPWGQGTLVTVSS,QSALTQPPSASGTPGQKVTISCSGSGSNIGSNTVSWYQQLPGTAPKLLIYTNNQRPSGVPDRFSGSKSGTSASLAISGPQSEDEADYYCAAWDDSLDGPVFGGGTKLTVL
ADI-45456,8.697,EVQLVESGGGLVQPGGSLRLSCAASGFTFRNYAMSWVRQAPGKGLEWVSGISGSGGSTYYADSVKGRFTISRDNSKNMLYLQMNSLRVEDTAVYYCARDEDDYNEYAPDFQHWGQGTLVTVSS,DIQMTQSPSSFSASTGDRVTITCRASQGISDFLAWYQQKPGKAPKILIYKTSTLQSGVPSRFSGSGSGTDFTLTISCLQPEDFATYYCQQYYTYPPTFGGGTKVEIK
ADI-45455,8.717,EVQLVESGGGLVQPGESLRLSCAASAFTFGSYAMTWVRQAPGKGLECVSSIDTNGANTYYADSVKGRFTVSRDNSKNTLYLQMNSLRAEDTARYYCAKDGISGNGNWDYMDVWGKGTTVTVSS,DIVLTQSPGTLSLSPGEGATLSCRASQSVSSTHLAWYQQKPGQAPRLLLYGASSRATGIPDRFSGSGSGTDFTLTISRLEPEDFAVYYCQQYGISPPFTFGGGTKVEIK
ADI-45450,8.717,QVQLVQSGAEVKKPGASVKVSCKASGYTFTNYAIHWVRQAPGQRLECLGWIIAGNGNTKYLQKFQGRVTITRDTSATTAYMELSSLRSEDTAVYFCARGGDYGDYFDYWGQGTLVTVSS,DIQLTQSPGTLSLSPGERATLSCRASQSVSSNYLAWYQQKPGQAPRLLIYGASSRATGIPDRFSGSGSGTDFTLTISRLEPEDFAVYYCQQYTGSPGNTFGQGTKVDIK
ADI-45465,8.755,EVQLLESGPGLVKPSQTLSLTCAVSGGSISSANYYWNWIRQPPGKGLEWIGYIYYSGSTYYNPSLKSRVTISVDTSKNQFSLKLSSVTAADTAVYYCARAGYSSTWIDYWGQGTLVTVSS,QPVLTQSTSASASLGASVKLTCSLNSKHSSYAIAWHQQQPEKGPRFLMKLNSDGSHTKGDGIPDRFSGSSSGAERYLTISSLQSEDEADYYCQTWGAGVVFGGGTKLTVL
ADI-45464,8.77,EVQLVESGPGLVKPSQTLSLTCAVSGDSISSDNYYWSWIRQPPGKGLEWIGYIYYSGTTYYNPSLKGRITISIDRSKIQFSLKVSSVTAADTAVYYCARETTVAQEPDYWGQGTLVTVSS,DIQMTQSPSSVSASVGDRVTITCRASQGISTWLAWYQQKPGKAPKLLIYAASSLQSGVPSRFSGSGSGTDFTLTISNLQPEDFATYFCQQTDSFPRTFGQGTKVDIK
ADI-46692,8.789,EVQLVESGGGLVQPGGSLRLSCAASGFTFSSYEMNWVRQAPGKGLEWLSYISGSGDSVYDADSVKGRFTISRDNAKNSLFLQMNSLRADDTAVYYCVRDRDGSYLQAFDSWGQGTLVTVSS,DIQLTQSPSSLSASVGDRVTITCRASQSISSYLNWYQQKPGKAPKLLIYAASNLQSGVPSRFSGSGSGTDFTLTISSLQPEDFATYYCQQSHSLWTFGQGTKVEIK
ADI-45390,8.809,EVQLLESGGGLVQPGGSLRLSCAASGFTFSSYEMNWVRQAPGKGLEWVSKISSSGSTIYHADSVKGRFTISRDNAKNSLYLQMNSLRAEDTAVYYCARENNPRYYFDYWGQGTLVTVSS,QPVLTQPASVSGSPGQSITISCTGTSSDVGGYNFVSWYQQHPGKAPKLMIYDVSNRPSGVSNRFSGSKSGNTASLTISGLQAEDEADYYCSSYASSSTYVFGTGTKLTVL
ADI-45395,8.814,QVQLVQSGPGLVKPSETLSLTCAVSGYSISSGYYWGWIRQPPGKGLEWIGSIYHSGSTYYNPSLKSRVTISVDTSKNQFSLKLSSVTAADTAVYYCARESAPRYGPGVNDYWGQGTLVTVSS,DIVLTQSPGTLSLSPGERATLSCRASQSVSSSYLAWYQQKPGQAPRLLFYGASSRATGIPDRFSGSGSGTDFTLTVSRLEPEDFAVYYCQQYGSSPFTFGPGTKVEIK
ADI-46690,8.819,EVQLLESGGGLVQPGGSLRLSCAASGFTFSNYAMSWVRQAPGKGLEWVSGISGRSGDTYYAGSVKGRFTISRDNTKNTLYLQMNSLRAEDTAVYYCARETLNYWGQGTLVTVSS,EIVLTQSPSTLSASVGDRVTITCRASQSISSWLAWYQQKPGKAPKLLIYKASSLESGVPSRFSGSGSGTEFTLTISSLQPDDFATYYCQQYNSYLWTFGQGTKVEIK
ADI-45393,8.838,EVQLVESGGGLVQPGGSLRLSCATSGFTFSDQYMDWVRQAPGKGLEWVGRTGNKANSGTKEYAASVKGRFTISRDDSENSLYLHMNSLKTEDTAVYYCTRGHSGAYVYAFDVWGQGTMVTVSS,DIVLTQSPGTLSLSPGERATLSCRASQSVSSNFLAWYQQKSGQAPRLLIYGASNRAAGIPDRFSGSGSGTDFTLTISRLEPEDFAVYYCQQYGRSPRTFGQGTKLEIK
ADI-46685,8.843,EVQLLESGGGLVKPGGSLRLSCAASGFTFSDYYMTWIRQAPGKGLEWVSYIGGSGSAKYSADSVKGRFTISRDNAKNSLYLQMNSLRPEDTAVYYCARPLRAVGNYYYYMDVWGKGTLVTVSS,EIVLTQSPATLSLSPGERATLSCRASQSVSSYLGWYQQKPGQAPRLLIYDASNRATGIPARFSGSGSGTDFTLTISSLEPEDFAVYYCQQRYSWPPLTFGGGTKVEIK
ADI-45460,8.852,EVQLLESGGGVVQPGRSLRLSCAASAFTFNAYAMYWVRQAPGKGLEWVALISNDGSNKYYADSVKGRFTISRDGSKNTLYLQMDSLRAEDTAVYYCARDLNPYGGSGDLRYWGQGTLVTVSS,QSVLTQPPSASGSPGQSVTISCTGTSSDVGDYNSVSWYQHHPGKAPKLIIYEVSKRPSGVPDRFSGSKSGNTASLTVSGLQAEDEADYYCSSHLGSNNLGVFGGGTKLTVL
ADI-45389,8.857,QVQLVESGGGLVQPGGSLRLSCAASGFTFSNYAMSWVRQAPGKGLEWVS-STGSGGSTFYVDSVRGRFIISRDNSKNTLYLQMNSLRAEDTAVYYCAKGGKRDPFDYWGQGTLVTVSS,SSELTQEPSFSVSPGGTVTLTCGLSSGSVSTTYYPSWYQQTPGQAPRTLIYSTNTRSSGVPDRFSGSILGNKAALTITGAQADDESDYYCVLYMGSGIWVFGGGTKLTVL
ADI-46689,8.867,EVQLVESGGGLVQPGGSLRLSCSASGFTFSRYDMSWVRQAPGKGLEWVSVISGSGASTHYADSVKGRFTISRDNSKNTLYLQMNSLRAEDTAVYYCAKETGELDYWGQGTLVTVSS,DIQMTQSPATLSLSPGERATLSCRASQSVSSYGAWYQQKPGQAPRLLIYDASNRALGIPARFSGSGSGTGFTLTISSLEPEDFAVYYCQQYSFYPITFGGGTKVDIK
ADI-45459,8.872,QVQLQESGGGVVQPGRSLRLSCAASGFTFNNFAIHWVRQAPGKGLEWVAFISYDESDRYYADSVKGRFTISRDNSKNTLYLQMNSLRVDDTAVYYCARGLAGGWFDPWGQGTLVTVSS,QPVLTQPPSASGSPGQSVTISCTGTSSDVGGYNYVSWYQQHPGKAPKLMIYEVNKRPSGVPDRFSGSKSGNTASLTVSGLQAEDEADYYCSSYAGSNNWVFGGGTKLTVL
ADI-45463,8.916,EVQLVESGGGLVQPGRSLRLSCAASGLTFDDYAIHWVRQAPGKGLEWLSGISWNSASVVYADSVKGRFTISRDNAKNSLYLQMNSLRAEDTALYYCAIPRGGLWGGFDYWGQGTLVTVSS,QSVLTQPPSVSGAPGQRVTISCTGSSSNIGAGYDVHWYQQLPGTAPKLLIYGNSNRPSGVPDRFSGSKSGTSASLAITGLQAEDEADYYCQSYDSSLSGSVFGGGTKLTVL
ADI-45470,8.959,EVQLVESGSELKKPGASVKVSCKASGYTFTSYAMNWVRQAPGQGLEWMGWINTNTGNPTYAQGFTGRFVFSLDTSVSTAYLQISSLKAEDTAVYYCARRTSYYVYGMDVWGQGTTVTVSS,QPVLTQPPSASGSPGQSVTISCTGTSSDVGGYNYVSWYQQHPGKAPKLMIYEVSKRPSGVPDRFSGSKSGNTASLTVSGLQAEDEADYYCSSYGGSNNLVFGGGTQLTVL
ADI-47295,8.964,QVQLQESGPGLVKPSQTLSLTCAVSGGSISSGGYPWSWMRKSPGKGLEWIGYIYDSGTTSYNPSLKSRVAISVDTPKNQFSLKLTSVTAADTAVYHCARGYCRSNNCFWGPWGRGTLVTVSS,QPALTQPPSVSAAPGQKVTISCSGSSSNIGDNYVSWYQQLPGTAPKLLIYDNDKRPSGTPDRFSGSKSGTSATLGITGLQTGDEADYYCGTWDSSLNIVFGGGTKLTVL
ADI-45452,8.969,QVQLVQSGAEVKKPGASVKVSCKASGYTFTSYDINWVRQATGQGLEWMGWMNPNSGNTGYAQKFQGRVTMTRNTSISTAYMELSSLRSEDTAVYYCARCDYGGNSRSDYWGQGTLVTVSS,DIRLTQSPSLLSASTGDRVTISCRMSQGISSYLAWYQQKPGKAPELLIYAASTLQSGVPSRFSGSGSGTDFTLTISCLQSEDFATYYCQQYYSFPPTFGQGTKLEIK
ADI-45454,8.974,EVQLVESGGGLIKPGGSLRLSCAASGFTFSSAWMTWVRQAPGKGLEWVGRIKSKGDGGAIDYAAPLKGRFTISRDDSKNTLSLQMNSLKIEDTAVYFCTTTMVRGDIITDYWGQGTLVTVSS,DIVMTQSPDSLAVSLGERATINCKSSQSLLYTSNNKNYLAWYQQKPGQPPKLLIYWASTRESGVPERFSGSGSGTDFTLTISGLQAEDVAVYHCQQYYSTPPTFGQGTKVEIK
ADI-45388,8.984,EVQLVESGGGLVQPGGSLRLSCAASGFTFSNYAMTWIRQAPGKGLEWVSGISGNGAGTYYAGSVKGRFTSSRDNSKNTLYLQMNSLRAEDTAVYYCVKRGDWLANYRGMDVWGQGTTVTVSS,DIVLTQSPLSLPATPGEPAAISCRSSQSLLHSNGNNYLDWYLQKPGQSPQLLIYWGSNRASGVPDRFSGSGSGTDFTLKINRVEAEDVGVYYCMQALQTPYTFGQGTKVEIK
ADI-47205,8.988,EVQLLESGPGLVKPSQTLSLTCSVSGGSISSGTYYWSWIRQPAGKGLEWIGRIYTSGTTTYNPSVKSRVTISVDTSKNQVSLKLSSVTAADTAVYYCARSVVGRHCSGGSCWFDAWGQGTLVTVSS,EIVMTQSPSSLSASVGDTVTISCRASQTIINYLNWYQEKPGKAPKVLIYSASTLQSGVPSRFSGSGSGTDFTLTITSLQPEDFATYYCHQSYSTPDSFGGGTKVEIK
ADI-46695,9.013,QVQLVESGGDLVQPGRSLRLFCSASGFTFGDYGMHWVRQAPGKGLEWVSGVSWNSGIIGYADSVKGRFTMSRDNAKNSLYLQMNSLRAEDTALYYCAKDMAGSTGAFDTWGQGTMVTVSS,DIVMTQSPSSFSASTGDRVTITCRASQGISTSLAWYQQKPGKAPKLLIFAASTFQSGVPSRFSGSGSGTDFTLTISSLQPEDFATYYCQQYYSYPWTFGQGTKVEIK
ADI-46684,9.037,QVQLVQSGAEVKKPGASVKVSCKASGYTFTGYYMHWVRQAPGQGLEWMGWINPNSGGTNYAQKFQGWVTMTRDTSISTAYMELSRLRSDDTAVYYCARDLGGVPYSSSSNYYYYGMDVWGQGTTVTVSS,EIVMTQSPGTLSLSPGERATLSCRASQSVSSNYLAWYQQKPGQAPRLLIYGASSRATGIPDRFSGSGSGTDFTLTISRLEPEDFAVYYCQQYTGSPGNTFGQGTKVEIK
ADI-47213,9.081,EVQLVESGPGLVRPSQTLSLSCAISGDSVSSTSSAWSWIRQSPSRGLEWLGRTYYRSKWIRDYAVSVKSRITINPDTSKNQFSLQLNSVTPEDTAVYYCARNLRPDFDYWGQGVLVTVSS,QPGPTQPASVSGSPGQSITISCTGTSSDVGGYNYVSWYQQHPGKVPKLIIFDVNNRPSGVSNRFSGSKSGNTASLTISGLQAEDEADYFCSSYTTRNTWVFGGGTEVTVL
ADI-46696,9.085,QVQLQESGPGLVKPSETLSLTCTVSGGSISSSSYYWGWIRQPPGKGLEWIGSIYYSGSTYYNPSLKSRVTISVDTSKNQFSLKLSSVTAADTAVYYCARVVHGGTYGGYYFDYWGQGTLVTVSS,SYELIQPPSVSVAPGQTARITCGGNKIGSKSVHWYQQKPGQAPVLVVYDDSDRPSGIPERFSGSNSGNTATLTISRVEAGDEADYYCQVWDTSSDHLWVFGGGTKLTVL
ADI-46697,9.095,EVQLVQSGAEVKEPGESLKISCKGSGYSFTTYWIGWVRQMPGKGLEWMAIVYPDNSDTRYSPSFLGQVTISADKSLSTAYLQWSSLKASDTAMYYCTRVRGWGEHNKIPYWGQGTRVTVSS,DIRVTQSPLSLPVTPGEPAAISCRSSQSLLHSDGYNYLDWYLQKPGQSPQLLIYLGSNRASGVPDRFSGSGSGTDFTLKISRVEAEDVGVYYCMQALRTPLTFGQGTKVDIK
ADI-47104,9.124,QVQLVESGGGVVQPGRSLRLSCAASGFSFSSYGMHWVRQAPGKGLEWVAVISYDGRNKHDADLVKGRFTITRDNSKNTVYLQMNSLTADDTAVYYCAKDTYYHDTSGYYVFDHWGQGTLVTVSS,EIVMTQSPATLSVSPDAGATLSCRASQIVFRNLAWYQQKPGQAPRLLIYETSTRATGIPDRFSGSGSGTEFTLTISSLQSEDFAVYYCQQYNNWPLTFGQGTKVEIK
ADI-47219,9.144,EVQLVESGPGLVKPSQTLSLTCAISGESVSSNNAAWNWIRQSPSRGLEWLGRTYYRFKWYYDYSPSVKSRLSINPDTSKNQFSLQLNSVTPEDTAVYYCVRESNDYRFDYWGQGTLVTVSS,DIVMTQSPDSLAVSLGERATINCKSSQTVLSSSNNKNYMAWYQRKPGQTPKLLLYWASARESGVPDRFSGSGSGTDFTLTISSLQAEDVAIYYCQQYYSAPRTFGQGTKVEIK
ADI-45391,9.153,EVQLVESGGGLIQPGGSLRLSCAPSGFIVSSNDMSWVRQAPGKGLEWVSVIFRRGTTYYSDSVKGRFTISRDNSKNTLYLQMNSLRVEDTAVYYCARGAVGANHFDYWGQGTLVTVSS,QSVVTQEPSFSVSPGGTVTLTCGLSSGSVSTNYYPSWYRQTPGQAPRTLIYSTNTRSSGVPDRFSGSILGNKAALTITGAQADDESDYYCVLYMGSGIWVFGGGTKVTVL
ADI-45461,9.202,EVQLLESGGGLVKPGRSLRLSCTASGFTFGDYVMSWFRQAPGKGLEWVGFIRSKAYGGTTQYAASVKDRFTISRDDSRSIVYLQMNSLKIEDTAVYYCIRDPFRNSPRDYYYYMDVWGKGTTVTVSS,DIVMTQSPLSLPVTPGEPASISCRSSQSLLHSNGYNYLDWYLQKPGQSPQLLIYLGSNRASGVPDRFSGSGSGTDFTLKISRVEAEDVGVYYCMQALQTPRTFGQGTKVDIK
ADI-47116,9.246,EVQLLESGGGLVQPGGSLRLSCAASGFTFSSYAMSWVRQAPGKGLEWVSAISGSAASTYYADSVKGRFTISRDNSKNTLYLQMNSLRAEDTAVYYCAKVLGSGYDFDYWGQGTLVTVSS,DIVMTQSPDSLAVSLGERATINCKSSQSVLYSSNNKNYLAWYQQKPGQPPKLLIYWASTRESGVPDRFSGSGSGTDFTLTISSLQAEDVAVYYCQQYYSTPSITFGQGTRLEIK
ADI-47309,9.284,QVQLQQSGPGLVKPSQTLSLTCAISGDSVSSNSAAWNWIRQSPSRGLEWLGRTYYRSRWYNDYAVSVRGRISINPDTSKNQVSLQLNSVTPEDTAVYYCARTVGHIDCWGQGTLVTVSS,DIVMTQSPSSLSASVGDRVTITCRASQSISSYLNWYQQKPGKAPKLLIYAASSLQSGVPSRFSGSGSGLDFILTISSLQPEDFATYYCQQSYSIPITFGQGTRLEIK
ADI-45453,9.357,EVQLVESGGGLVKPGGSLRLSCAASGFTFTNAWLTWVRQAPGKGLEWVGRIMSNLGGGTTDYAAPVEGRFFISRDDSRNTLYLQMNSLKIEDTAVYYCTTDGGEWELNYWGHGTLVTVSS,DIQMTQSPSVVSASVGDRVTITCRASQGISNYLMWFQQKEGKAPKRLIFAASSLQSGVPSRFSGSGSGTEFTLTISSLQPEDFATYYCLQQNSYPRTFGQGTKVDIK
ADI-46693,9.357,EVQLLESGGGLVQPGGSLRLSCAASGFTFSSYWMSWVRQAPGKGLEWVANIKQDGGEKYYVDSVKGRFTISRDNAKNSLYLQMNSLRAEDTAVYYCARGKLEGYYDSSGYYQLYYFDYWGQGTLVTVSS,EIVMTQSPGTLSLSPGERATLSCRASQSVSSSYLAWYQQKPGQAPRLLIYGASTRATGIPDRFSGSGSGTDFTLTISRLEPEDFAVYYCQQYGSSSITFGQGTRLEIK
ADI-47233,9.367,QVQLQESGPGLVKPSGTLSLTCAVSGGSISSSNWWSWVRQPPGKGLEWIGEIYHSGSTNYNPSLKSRVTISVDKSKNQFSLKLSSVTAADTAVYYCARDRGLEYSSSGDYYYGMDVWGQGTTVTVSS,DIVMTQSPATLSLSPGERATLSCRASQSVSSYLAWYQQKPGQAPRLLIYDASNRATGIPARFSGSGSGTDFTLTISSLEPEDFAVYYCQQRSNWPPLTFGGGTKVEIK
ADI-47137,9.687,EVQLLESGPGLVEPSGTLFLTCSFSGASISSHFWTWIRQSPGAGLEWIGYIYNSGSTNYNPSFKSRVTMSVGTSGTQFTLRLRSVTAADTAVYYCGAASLDWSFDYWGQGTLVTVSS,DIVLTQTPATLSLSPGERATLSCRTSQSVYSYLAWYQQKPGQAPRLLIYDAVNRATGVPARFSGSGSGTDFTLTISSLEPEDFAVYYCHHRSNWPYTFGRGTKVEIK
ADI-45383,9.712,QVQLVQSGAEVKKPGASVKVSCKASGYTFTNYGISWVRQAPGQGLEWMGWISAYNGNRNYAQKLQGRVTMATETSTSTAFMELRSLRSDDTAVYYCARDLPHYYDSSGHPYFDHWGQGTLVTVSS,EIVLTQSPATLSLSPGERATLSCRASQSVSSYLAWYQQKPGQAPRLLIYDASNRATGIPARFSGSGSGTDFTLTISSLEPEDFAVYYCQQRNNWPPGITFGQGTRLEIK
ADI-45469,9.998,QVQLVQSGSELKKPGASVKVSCKASGYTFTSYAMNWVRQAPGQGLEWMGWINTNTGNPTYAQGFTGRFVFSLDTSVSTAYLQISSLKAEDTAVYYCARDLGWQAVFNPRDGMDVWGQGTTVTVSS,QPVLTQPPSASGSPGQSVTISCTGTSSDVGGYNYVSWYQQHPGKAPKLMIYEVSKRPSGVPDRFSGSKSGNTASLTVSGLQAEDEADYYCSSYAGSNNLVFGGGTKLTVL
ADI-45422,10.143,QVQLVESGGGVVQPGRSLRLSCAASGFTFSSYGMHWVRQAPGKGLEWVAVISYDGSNKYYADSVKGRFTISRDNSKNTLYLQMNSLRAEDTAVYYCATATTLPYYYYYMDVWGKGTTVTVSS,EIVMTQSPGTLSLSPGERATLSCRASQSVSSSYLAWYQQKPGQAPRLLIYGASSRATGIPDRFSGSGSGTDFTLTISRLEPEDFAVYYCQQYGSSPPITFGQGTKVEIK
ADI-45485,10.211,EVQLVESGGGLVQPGGSLRLSCAASGFTFSSFGMNWVRQAPGKGLEWISYILGSSSTIYYADSVKGRFTISRDNAKNSLYLQMNSLRDEDTAMYYCATGNLDYWGQGTLVTVSS,QSVLTQPPSASGSPGQSVTISCTGTSSDVGGYNYVSWYQQHPGKAPKLMIYEVNKRPSGVPDRFSGSKSGNTASLTVSGLQAEDEADYYCSSYAGSNTYVFGTGTKLTVL
ADI-45495,10.381,QVQLQESGPGLVKPSETLSLTCTVSGGSISSYYWSWIRQPPGKGLEWIGYIYYSGSTNYNPSLKSRVTISVDTSKNQFSLKLSSVTAADTAVYYCARGHYGGSMGGVWGQGTLVTVSS,QSVLTQPASVSGSPGQSITISCTGTSSDVGGYNYVSWYQQHPGKVPKLIIFDVNNRPSGVSNRFSGSKSGNTASLTISGLQAEDEADYFCSSYTTRNTWVFGGGTKLTVL
ADI-46691,10.687,EVQLLESGGGLVQPGGSLRLSCAASGFTLSTYEMHWFRQAPGKGLEWLSYMSSSGINIYYADSVKGRFTISRDNAKNSMYLQMNSLRAEDTAVYYCARDLGWFGHWGQGTLVTVSS,EIVMTQSPATLSVSPGERATLSCRASQSVSSSLAWYQQKPGQAPRLLIYGASTRATGIPARFSGSGSGTEFTLTISSLQSEDFAVYYCQQYNSWPPYTFGQGTKLEIK
ADI-45425,11.09,EVQLVQSGGGVVQPGRSLRLSCAASGFTFSSYGMHWVRQAPGKGLEWVAVISYDGSNKYYADSVKGRFTISRDNSKNTLYLQMNSLRAEDTAVYYCAKEYRYSSSWSYYYYGMDVWGQGTTVTVSS,QSVVTQPPSVSAAPGQKVTISCSGSSSNIGNNYVSWYQQLPGTAPKLLIYDNNKRPSGIPDRFSGSKSGTSATLGITGLQTGDEADYYCGTWDSSLSAAWVFGGGTKLTVL
ADI-45451,11.138,QVQLVQSGAEVKKPGSSVKVSCKTSGGTFSSYAISWLRQAPGQGLEWMGGIIPIFGTADYAQKFQGRVTLTADESTCTAYMELSSLRSEDTALYYCARDRDYYDYSASGGDSFDIWGQGTMVTVSS,DIVMTQSPDSLAVSLGERATINCKSSQSVLYSSNNKNYLAWYQQKPGQPPQLLIYWASTRESGVPDRFSGSGSGTDFTLTISSLQAEDVAVYYCQQYYSTPRTFGQGTKVEIK
ADI-45499,12.216,QVQLVESGGGVVQPGRSLRLSCAASGFTFSSYAMHWVRQAPGKGLEWVAVISYDGSNKYYADSVKGRFTISRDNSKNTLYLQMNSLRAEDTAVYYCARDGGRHIAAAGYLYYYYYGMDVWGQGTTVTVSS,GIRVTQSPGTLSLSPGERATLSCRASQSVSSSYLAWYQQKPGQAPRLLIYGASSRATGIPDRFSGSGSGTDFTLTISRLEPEDFAVYYCQQYGSSPGWTFGQGTKVDIK
ADI-45497,12.74,QVQLQQWGAGLLKPSETLSLTCAVYGGSFSGYYWSWIRQPPGKGLEWIGEINHSGSTNYNPSLKSRVTISVDTSKNQFSLKLSSVTAADTAVYYCARGLRFLEWLSGDYYYYYGMDVWGQGTTVTVSS,DIQVTQSPSSLSASVGDRVTITCRASQSISSYLNWYQQKPGKAPKLLIYAASSLQSGVPSRFSGSGSGTDFTLTISSLQPEDFATYYCQQSYSTPRTFGQGTKVEIK
ADI-46694,8.741,GVQLLETGGGLVQPGGSLRLSCAASGFIFSDHFMDWVRQAPGKGLEWVGRTRNKADSYTTEYAASVKGRFTISRDDSKNSLYLQMNSLKSEDTAVYYCTRGGGARPYYDPMDVWGQGTTVTVSS,DIRLTQSPSTLSASVGDRVTITCRASQSISSWLAWYQQKPGKAPKLLISKASSLESAVPSRFSGSGSGTDFTLTISNLQPDDSATYHCQHYSTYPLTFGGGTKVEIK
ADI-47185,8.819,EVQLVQSGAEVKKPGASVKVSCKASGYTFTTYDINWVRQATGQGLEWMGWMNPNSGNTGYAQKFQGRVTMTRNTSVSTAYMELSSLRSEDTAVYYCARGNRDYCSSTSCAYYMDVWGKGTTVTVSS,QPVLTQPPSVSVSPGQTASITCSGDKLGDKYACWYQQKPGQSPVLVIYQDIKRPSGIPERFSGSNSGNTATLTISGTQAMDEADYYCQAWDSSTVVFGGGTKLTVL
ADI-45467,8.886,QVQLVESGPGLVKPSETLSLTCTVSGGSISRYYWNWIRQPPGKGLEWIGYIHYGGSTNYNPSLKSRVTISLETSKNQFSLKLNSMTTADTAVYYCARGWRGYSYGFDSWGQGTLVTVSS,DIQMTQSPSSLSASVGDRVTINCQASQDISNHLNWYQQKPGKAPKLLIYDASNLESGVPSRFSGSGSGTDFTFTISSLQPEDIATYYCQQYDDFPRTFGQGTRLEIK
ADI-47086,8.93,EVQLVESGGGLVQPGGSLKLSCAASGFTFTSHWMHWVRQAPGKGLVWVSHINREGSITNYADSVKGRFTVSRDNAKNTLYLQMNSLTDEDTAVYYCVRELGNSGNFWGQGTLVTVSS,QPVLTQPPSASGTPGQRVTISCSGSSSNLGSNTVHWYQQVPGTAPKLLIFSNDQRPSGVPDRLSGSKSGTSASLAISGLQSEDEADYYCAAWDGSLNAWVFGGGTKLTVL
ADI-37123,8.566,QVQLQESGGAVVPPGRSLRLSCSASGFSFDRFGMHWVRQAPGKGLEWLAVISYDEKTKHYATSVKGRWTISRDNSRGILYLQLNSLRPGDTAIYYCAKGSPSAAVLDSWGQGTLVTVSS,DIVMTQTPSSLSASVGDRVTITCRTSQSISTHLNWYQHHPGKAPKLLIYAASRSQSGPSSRFSGSGSGTNFTLTVTNLQPDDFAIYYCQQSSSVPFSFGQGTKVEIK
ADI-37125,8.867,EVQLVESGGALVKPGGSLRLSCVVSGFTFRNAWMTWVRQAPGKGLEWVGRIKRRVDGGTTDYAAPVKGRFTISRDDLRNTLYLQMNSLTGEDTGVYYCMTGYCSSSICSLGDHWGQGTLVTVSS,ETTLTQSPGTLSLSPGERATLSCRASQSVSSSYLAWYQQKPGQAPRLLIYGASSRATGIPDRFSGSGSGTDFTLTISRLEPEDFAVYYCQQYGSSPITFGQGTRLEIK
ADI-38503,8.93,QVQLVQSGAEVKKPGESLKISCKGSGYSFTSDWIAWVRQMPGKGLEWMGIIYPGDSDIRYSPSFEGQVTISADKSISTAYLQWRSLKASDTAMYYCARPIVGVISFAFGFWGQGTMVTVSS,SYVLTQPPSASGSPGQSVTISCTGTSSDVGGYNYVSWYQQRPGKAPKLMIYEVNKRPSGVPDRFSGSKSGNTASLTVSGLQAEDEADYYCTSYAGSNKLGVFGGGTKVTVL
ADI-47223,9.202,QVQLVQSGAELKKPGESLKISCQVSGFTFNNVWFAWVRQMPGKGLEWVAIIYPGDSDTRYNPSFPGQVTISADKSISTVYLQWYRLKASDTGMYYCAAGGSGWNFGGDWFDPWGQGTLVTVSS,DIVMTQTPGTLSLSPGARATLSCRASQSV-GTYLAWYQQKPAQAPRLVIHGASRRATGIPDRFSGSGSGTDFILTISRLEPEDFAVYYCQQYGNSPPVTFGQGTRLEIK
ADI-37124,9.653,QVQLVQSGTEVKKPGASVRLSCKTSGFTFTSYYIHWVRQAPGHGLEWMGIVDPSGGTANYARRFQGRVSLTRDLSTTTVYMDLPNLRSDDTAVYYCARATTRGAYYGAWFDPWGQGTLVTVSS,QPVLTQPPSVSVAPGQTARVTCGGDNIGSKSVQWYQQRPGQAPVLVVYHDDDRPSGIPERFSGSNSGTTATLTISRVEAGDEADYYCQVWDETSDHYVFGAGTKVTVL
ADI-47176,8.697,EVQLLESGGGLVQPGGSVRLSCAASGLTFRRYAMSWVRQAPGKGLEWVATISASGDSPSYADSVRGRFTISRDNSKDTLYVQMNSLRADDSALYYCASEFDGSHYDHLFGNWGPGTLVTVSS,EIVLTQSPATLSVSPGDRATLSCRASHSVRNNLAWYQQKPGQAPRLLIYGASTRATGIPARFSGGGSGTEFTLTISSLQSEDFAVYHCQQYNQWPPAFGQGTKVEIK
ADI-47061,8.731,QVQLVQSGGDLVQPGGSLRLSCSTSGFPFDDYALHWVRLVPGKGLEWVAHINWDGGSLGYADSVKGRFTISRDNSKNSLYLQLNSLRREDTALYYCAKDSTAGGDRGYFDSWGQGTLVTVSS,QPVLTQPPSVSVAPGKTAIITCGGNNIESKSVHWYRRRPGHAPIVVIKYDSERPSGIPERFSGSNSGNTATLTISAVEAGDEADYYCQVWDIGTDHVIFGGGTKLTVL
ADI-45402,8.736,EVQLVESGGGLVQPGGSLRLSCAASGFSFSAYNMNWVRQAPGKGLEWVSYISGSSPPNYSSSPNYADSVKGRFTISRDNAKQSLYLQMNNLRVEDTAVYYCVKGPRLDRAFDIWGQGTMVTVSS,EIVLTQSPDSLAVSLGERATITCKSSQNILYSSTNKNSLAWYQQKPGQPPRLLIYWASTRESGVPDRFSGSVSGTDFTLTISSLQAEDVAVYYCQQYYSPPFSFGPGTKVDIK
ADI-46701,8.76,QVQLVESGGGVVQPGRSLRLSCAASGFTFSRFAMHWVRQAPGKGLEWVAVVSYDGNNNHYGDSVKGRFSISRDNSKNTLTLQLNSVTNEDTAVYYCTRESATGRVWDFWGPGTLVTVSS,DIVLTQSPSSLSASIGDRVTITCKASQDLNDYINWFQQKPGKAPKLLIYDASKLEVGVPSRFTGRGYGTEYTFTISSLQPEDTATYFCQHYHSLPYGFGQGTKVEIK
ADI-47286,8.76,QVQLVQSGAEVRKPGSSVKVSCKASGDIFNSYTINWVRQAPGQGLQWMGRVNPFLNISDYAQEFQGRVTLTADKFTKTAYMEVSSLRFEDTAIYYCARRDRDGHNFVREPFDIWGQGTTVTVSS,DIQMTQSPSTLSASVGDRVTITSRASQSISSWLAWYQQKPGTAPKLLIHKASSLESGVPSRFSGSRSGTEFTLTISGLQPDDFATYYCQQYNTYSATFGQGTKLEIK
ADI-47065,8.775,EVQLLESGADVKIPGASVRVSCKVSGRTVTDISIHWVRQAPGKGLEWMGGFDPEEGEVIYAQKFQGRVTMTEDTSTDTAFMQLSNLRSDDTAVYYCAKGGGGNRDEELDSWGQGTLVTVSS,DIVMTQSPGSLAVSLGARATITCRSSQSVFHSSNKRTYLAWYQQKPGQPPKLLIYWASTRESGVPDRFTGSGSGTEFTLTISSLQAEDVAVYYCQQYSTTPYTFGQGTKVEIK
ADI-47287,8.804,EVQLVESGGGVVQPGRSLRLYCAASGFTFSSYTMHWVRQAPGKGLEWVAVISYDENNKDYADSVRGRFTISRDNHENTLYLQMNSLKPEDTAVYYCARVFRPFRGCSGTSCHIPGVWGKGTTVTVSS,DIQVTQSPATLSVSPGERATLSCRASQSISSNLAWYQQKPGQVPRLLIYGSSTRATGIPARFSGSGSGTEFTLTISSIQSEDFAVYYCQQYNNWAWTFGQGTKVEIK
ADI-47071,8.814,QVQLVQSGGGLVQPGGSLRLSCAASGFTFSRHAMNWVRQAPGKGLEWVSVIS-SIGDTYYADSVKGRFTISRDNSTNTLYLQMNSLRAEDTAVYYCARDEWDTTVGDAFDIWGQGTMVTVSS,DIQLTQSPSTLSASVGDRVTITCRASQSISTWLAWYQQKPGKAPNLLIYAASDLQSGVPSRFSGSGSGTDFTLTISSLQPDDFATYYCQQYNSYALSTFGQGTKLEIK
ADI-47072,8.823,EVQLVESGAEVKKPGESLKISCKTSGYSFTNYWIGWVRQMPGKGLEWMGIVYPRDSETRYSPSFQGRVTISADKSINTAYLQWDSLEASDSATYYCAKIARGTYYLCDYWGQGTLVTVSS,DIVMTQSPDFLAVSLGERATINCKSSQTVLYSSNNKNHLAWYQQKPGQPPKLLISWASTRESGVPDRFSGSGSGTDFTLTITSLQSEDVAVYYCQQFFSVPGTFGRGTKVEIK
ADI-45472,8.828,QVQLVESGGGLAKPGGSLRLSCAASGFTFSSFSMNWVRQAPGKGLEWVSSIGSSDSYIYYADSVKGRFTISRDIAKNSLYLQMNSLSAEDTAIYFCARNPSRLSEGGYFDFWGHGTLVTVSS,QPVLTQPPSVSVAPGQTASITCGGKNIGSESVHWYQQRPGQAPFLVVYDDSDRPSGIPERFSGSNSGNTATLTISRVEAGDEADYYCQVWDSSTDHVVFGGGTKVTVL
ADI-47075,8.838,EVQLLESGGGLVKPGGSLRLSCAASGFTFSNYNMNWVRQAPGKGLEWVSSVSSSSSSGYIYYSDSVKGRFTISRDNAKNSLFLQMNSLRAEDTAVYYCARDDYDGSQFFDLWGRGTLVTVSS,DIVMTQSPDSLAVSLGERATINCEASQNVLDSSNNKNYLAWYQQKPGQPPKLLIYRASTRESGVPDRFSGSGSGADFTLTISSLQAEDVAVYYCQQYYSTPPTFGQGTKVEIK
ADI-47288,8.843,EVQLLESGGGLVKPGESLRLSCLASGFRFSDYHMSWVRQAPGKGLEWVASIGKSNEHIYYVDSVKGRFIISRDNAKNSLYLQLTSLRADDTAVYFCTRRASVRGLDYWGQGTLVTVSS,DIQVTQSPSSLSASVGDKVTISCQASQDVGNFVNWYQHRPGRAPKLLVYSASTLETGVPSRFSGGGSGTHFTLTINRLQPEDFATYFCLHFYIVPYTFGQGTKVEIK
ADI-45404,8.857,QVQLVQSGAEVIKPGDSLKIACKGSGFTYTSHWIAWVRQMPGKGLEWMGMVNPSDSDTRYSPSFQGQVTISVDKSINTAYLQWNSLTASDTAMYYCARQQCCTVHDAFDVWGQGTMVTVSS,DIVMTQSPLSLPVTPGESASISCRSSQSLLYSGAHNYLDWYLQRPGQSPQLLIYLGFKRASGVPDRFSGSGSGTDFTLKISRVEAEDVGVYYCMQGLETPITFGQGTRLEIK
ADI-47076,8.857,EVQLVESGGGLVKPGGSLRLSCAASGFSFSDAWMSWVRQAPGKGLEWLGRIKSEADGGTIYYATRVRGRFTISRDDSQNTLFLQMDSLQAEDTAVYYCSYYDSSNYLGEKLRQIDYWGQGTLVTVSS,DIVMTQTPSSLSASVGDRVTVTCRAGQSISNHLNWYQQKPGKAPKLLIYAASSLQSGVPSRFSGSGSGTDFTLTISNLQPEDFATYYCQQSYSSPRTFGQGTKVDIK
ADI-47189,8.862,EVQLVESGGGLVQPGGSLRLSCEASGFTFSNYAMHWVRQAPGKRLEFVSAISGDGNNTYYANSVKGRFTISRDNSKNTVYLQMGSLRDEDMAVYSCARVGGSGSYYYEQNWYFDLWGRGTLVTVSS,DIRVTQSPDSLAVSLGERATINCKSSQSVLYRSNNKNYLAWYQQKSGQPPKLLIYWASTRDSGVPDRFSGSGSGTDFTLTISNVQAEDVAVYYCQQYHIIPLTFGPGTKVEIK
ADI-47078,8.867,EVQLVETGGGLIQPGGSLRLSCAASGFTVSRNYMSWVRQAPGKGLECVSLIHSSGGTYYADSVKGRFTISRDNSKNTLYLQMNSLRAEDTAVYYCARDGSSVAGDYWGQGTLVTVSS,EIVLTQSPATLSLSPGESATLSCRASQSISSYLAWYQQKPGQAPRLLIYDSSNRATGIPARFSGSGSGTDFTLTISSLEPEDFAVYYCQQRSSPAFGQGTRLEIK
ADI-47190,8.877,EVQLVESGGALIQPGRSLTLSCTTSGFTFAAHAMSWLRQAPGKGLEWVGVIRSKAYGGTADYAASVKGRFTISRDDSKSTAYLNMDNLQTEDTAVYYCSRGHGDSWYWGQGTLVTVSS,DIVMTQTPLPSPVTPGQAASISCRSSESLLHTDGKTYLSWLHQRPGQPPRLLIYKVSNRFSGVPDRFSGSGAGTHFTLKINKVEPDDVGVYYCLQTTQFPLTFGGGTKVEIK
ADI-47081,8.906,EVQLVQSGAEVKKPGESLRISCQASGYTFTDNWIGWVRQMPGKGLEWMGIIYPDDSDTRYSPSFQGQVTFSVDKSISTAYLQWSSLKPSDTAMYYCARHRADSRSFQYWGQGTLVTVSS,EIVMTQSPSSLSASVGDRVTITCQASQGIYNYLNWYQQKPGKAPKLLIYDASILDTGVPSRFSGSGSGTHFTFTISNLQPEDIATYYCQQYDNLRSSFGPGTKVDIK
ADI-47194,8.906,EVQLQESGPGLVSPSQTLSLTCAVSGGSISSTNYYWSWIRQPAGKGLEWIGRIYSSGSTYYNPSLKSRVTISVDTSKSQFSLKLTSVTAADTAVYYCARDPPGVYGSAWGQGTLVTVSS,DIVMTQSPDTLSVSPGERATLSCRASQGVSSNLAWYQHKPGQPPRLLIYGASTRATGIPARFSGSGSGTEFTLTISSLQSEDFAVYYCQQYNNWPLIFGGGTKVEIK
ADI-47193,8.906,QVQLQESGPGLVKPSETLSLTCTVSGGSIGSYYWSWIRQPPGKGLEWIGYIHNSGSTKSNPSLKSRLTLSEDTSKNQFSLRLRSVTAADTALYYCARGRGMATLPFDLWGQGTLVTVSS,DIRMTQSPSSLSASVGDRVTITCQANQDISNYLNWYQQKPGKAPKVLIYDASNLETGVPSRFSGSGSGTDFTFTISSLQPEDIATYYCQQYDNFPLTFGGGTKVEIK
ADI-47291,8.916,QVQLVQSGAEVKKPGASVKVSCKTSGYTFTGHYVHWVRQAPGQGLEWMGWINPDSGNSTYAQKFQGRVSVTRDTSISTVYIELRRLTSADTARYYCAREPGGAIKITFGRYFGLDVWGQGTTVTVSS,EIVMTQSPPLLSASVGDRATLTCRASQDISRNLAWYQQKPGEAPKLLIYAASTLQSGVPSRFSGSGSGTEFALAISSLQPEDFATYYCQQLNSYPYTFGQGTKLEIK
ADI-47082,8.916,QVQLVQSGAEVKKPGASVKVSCKVSGHTLTELTIHWVRQAPGKGPEWMGGFDPEQDETVYAQKFQGRVTMTEDTSTDTAYMELSSLRPDDTAVYYCATDPDCDAGRCSDYWGQGTLVTVSS,EIVLTQSPLSLPVTPGEPASISCRSSQSLLLSDGYNQLAWYLLKPGQSPQLLIYLASNRASGVPDRFSGSGSGTDFTLKIRRVEAEDVGVYYCMQDLQTPRTFGAGTKVEIK
ADI-47197,8.92,QVQLVQSGTEVKKPGASVKVSCKTSGYSFSDFYMHWLRQAPGQGLEWMGWINPDSTTTTYSQKFKGRVTMTRDTSITTVTLELSRLTSDDTAMYYCARDIDREGLKNWGQGTLVTVSS,DIQLTQSPDSLAVSLGERATINCKTSQSVLYRSRSTNKDYLAWYQQKPGQPPKLLFYWASTRESGVPDRFSASGSGTDFTLTISSLQAEDVATYHCQQYYRTPWTFGQGTKVEIK
ADI-47085,8.925,QVQLVQSGSELKKPGASVKLSCKASGYTFTTYAMNWVRQAPGQGLEWMGWINTNTGNPTYAQGFTGRFVFSLDTSVSTAYLQISNLEAADTAVYYCARDGGQYGWGAGHWGQGTLVTVSS,DIVLTQSPRSLSASVGDRVTITCQASQDISDYLNWYQQEPGKAPKLLISAATNLPTGVPSRFSGSGSGTNFSFTISSLQPEDIATYYCQQYDSLRSRTFGGGTKLEIK
ADI-47084,8.925,QVQLQESGPGLVKPSETLSLTCTVSGDSITNYYWSWIRQPPGKGLEWLGYISDSGRTNYNPSLKSRLTMSVDTSKNQLSLKLRSVTAADTAVYYCVRNYNYCGGCHMDVWGTGTTVTVSS,DIQLTQSPSSLSASIGDRVTITCQASQDIDNFLNWYQQKPGKAPKLLIYDASKLETGVPSRFSGSGSGTDFTFTISSLQPEDFATYYCQQYDDLLPVTFGGGTKVEIK
ADI-47087,8.93,QVQLVESGGGVAQPGGSLRLSCAASGFAFSNSGMHWVRQAPGKGLEWVAFIRFDGSNEYYIDSVKGRLSISRDNSKDTLYLQMNNLRLEDTAVYFCVRDRLYNWFDLWGLGTLVTVSS,EIVLTQSPAILSLSPGERATLSCRASQRGGRDVAWYQQQPGQSPRLLIYDASNRAAGIPARFSGSGSGTDFTLTISSLEPEDFAVYYCQQRNNWLYTFGQGTKVEIK
ADI-47292,8.935,QVQLVQSGGGLVKPGGSLRVSCLASGFNFSNYTMNWVRQAPGKGLEWVSSISSRSSYIYYADSVKGRFTISRDNAKKSLFLQMNSLRAEDTAVYYCARGSSNSWYNGLFDYWGQGTLVTVSS,EIVLTQSPGTLSLSPGDRATLSCRASQSVPSGRLAWYQQKPGQAPRLFIYDTFRKTGGFPDRFSGSGSGTDFTLIITRLEPEDFAVYYCQQSGLLPPTFGQGTKLEIK
ADI-47200,8.935,EVQLVESGGGVVQPGGSLRLSCAASGFTFNTYGMHWVRQAPGKGLEWVAFIGYDGTTKYYADSVKGRFTISRDNSKNTLYLQMNSLRAEDTAVFYCANLCSRTSCPREEFDYWGQGTLVTVSS,DIVLTQTPSSLSASVGDRVTITCRASQDIRDDLGWYQQKPGKAPKRLIYAASSLQSGVPSRFSGSGSGREFTLTISSLQPEDFATYYCLQYSSYRAFGQGTKLEIK
ADI-47089,8.94,EVQLLESGGGLVQTGRSLRLSCAASGFTFEEYAMHWVRQAPGKGLEWVAGITWDSGTTGYGDSVQGRFIVSRDNARNSLHLQMNSLRGDDTALYYCAKSSATKFGGVIAWGYHQLDIWGTGTTVTVSS,SYELTQPPSVSVAPGETARITCGGNNVGKKGVHWYQQKSGQAPVLVIYDDSDRPSGVSERFSGSNSGDTATLAISRVEAGDEADYYCQVWDSGSDHVVFGGGTKLTVL
ADI-47090,8.94,EVQLLESGGGVARPGGSLRLSCVGSGFRFDDFAMSWVRQAPGKGLEWVSGINWNGSRTAYGDSVKGRFTISRDNAKNSLYLEIKSLKAEDTAFYYCARDGCSSSSCYIWDWFDPWGQGTLVTVSS,QSVLTQPPSVSAAPGEKVTISCSGSSSNIDDNYVSWYQQLPGAAPKLLIYDNYKRPSGIPDRFSGSKSGTSATLGITGLQTGDEADYYCGTWDSSLTVVVFGGGTKVTVL
ADI-47202,8.945,EVQLVESGGGLVQPGKSLRLSCVASGFSFSRYAMSWVRQSPGKGLEWVSGVSGSGDTTFFGDSVKGRFTISRDNSKNTVYLQLSNLRVEDTATYYCAKDSGFSVSGVVISRFDSWGQGTLVTVSS,EIVLTQSPVTLSVSPGERATLSCRASQSVSSNLAWYQQKPGQPPRLLIYGASTRATGIPDRFSGSGSGTEFSLTISSTQSEDFAVYYCQQYNNWPPAITFGQGTRLEIK
ADI-47203,8.95,EVQLVESGGGLVQPGGSLRLSCAASGFTFSRYWMTWVRQPPGKGLEWVANMNQDESEKYYVDSVKGRFTISRDNAKNSLYLQMDSLRAEDTAVYYCARDVWRSVDYWGQGTLVTVSS,EIVLTQSPLSLPVTLGQPASISCRSSQSLVHSDGNTYLNWFQQRPGQSPRRLIYKVSNRDSGVPDRFSGSGSGTDFTLKISRVEAEDVGVYYCMQGTHWPRTFGQGTKVEIK
ADI-47294,8.954,QVQLVESGGGLVQPGGSLRLSCAASGFTFSNYWMYWVRHAPGKGPVWVSRINKDGTTTNYADFVKGRFTTSRDNAKNTLYLQMNSLGAEDTAVYYCATLALAALDYWGQGTLVTVSS,EIVLTQSPLSLPVTLGQPASISCRSSQSLAHSDGNTYLNWFQQRPGQSPRRLLYKVSNRDSGVPDRFSGSGSGTDFTLKISRVEAEDVGVYYCMQGKYWPYTFGQGTKLEIK
ADI-47091,8.959,EVQLLESGGDLVKPGGSLRLSCEASGFTFSDYYMNWIRQAPGKGLEWVSFISDDDTTTYYADSVKGRFTISRDNAKNSLYLEMNDLRAEDTAIYYCTRGQRFCNRASVSCHRADYWGQGTTVTVSS,DIVLTQSPLSLPVTPGEPASISCRSSHSLLQPNGYNYLDWYLQKPGQSPQLLIYLASNRASGVPDRFSGSGSGTDFTLKISRVEAEDVGVYYCMQALQIPPTFGPGTKVEIK
ADI-47296,8.964,QVQLQESGPGVVKPSETLSLTCTVSGGSISSKSYYWGWIRQPPGKGLEWIGSIFYDGSTYYNVSLKSRVTISADTSKNQFSLKLSSLTAADTAVYYCARRDMRGTLDYWGQGTLVTVSS,DIVMTQSPSSLSASVGDRVTITCRASQSISSYLNWYQQKPGKAPRLLIYAASSLQSGVSSRFSGSGSGSYFTLTISSLQPEDFAIYYCQQSYRTLALTFGGGTKLEIK
ADI-47092,8.988,EVQLVESGGGLVKPGESLRLSCAASGFTFSDYYMAWIRQAPGKGLEWISSISHSGSTTDYADSVKGRFTVSRDNARNSLYLQINSLRDEDTGVYYCARDIAAPGLTEYFHHWGQGTLVTVSS,QSVLTQPPSVSAAPGQKVTISCSGSRFNIGKNMVSWYQQFPGAAPKILIYDNDKRPSGIPDRFSGSKSGTSATLDITGLQTGDEADYYCGTWDTSLNEGRVFGGGTKLTVL
ADI-47206,8.993,EVQLVESGGGLAQPGRSLRLSCGATGFTFDDHAMHWVRQAPGKGLEWVAGVSWNGGSLAYAASVKGRFTVSRDNAENSLFLQMNSLRLEDTALYFCARARLLQFDALDIWGQGTMVTVSS,DIQMTQSPSSLSASVGDRVTITCRASQGIINYLAWYQQKPGEVPKLLIHSGSTLHTGAPSRFSGRGSGTEFTLTISSLQPEDVATYYCQRYSGAPPTFGPGTKLEIK
ADI-47094,9.003,EVQLVESGGGVVQPGTSLRLSCAASGFTYNIFGFHWVRQGPGKGLEWVAVISYDGRQTYYADSVRGRFTISRDNSKNTLYLQMNRLRAEDTAIYYCAKDHVSYCTNDCYPEYWAQGTLVTVSS,EIVLTQSPATLSLSPGERGTLSCRASQSISDYLAWYQQRPGQAPRLIIYDASNRATGIPARFSGSGSGTDFTLTISGLEPEDYAIYYCQQRSTWPWTFGRGTKLEIK
ADI-47207,9.008,EVQLVESGGGLVKPGGSLRLSCAASGFTFSNAWMSWVRQAPGKGLEWVGRIKSKTDGGTADYAAPVKGRFTISRDDSKNTLYLQMNSLKTEDTAVYYCTTDGLSSTGCYGLCYWGQGTLVTVSS,DIVMTQTPDSLAVSLGERATINCKSSQSVLYSSNNKNYLAWYQQKPGQPPKLLIYWASTRESGVPDRFSGSGSGTDFTLTISSLQAEDVAVYYCQQYYSSRAFGQGTKLEIK
ADI-47208,9.017,EVQLLESGPGLVKPSETLSLTCAVSGYSISSGYYWGWIRQPPGRGLEWIGSIYHTGTTYYNPALESRVTTSVDTSKNQFSLRLRSVTAADTAVYYCVRANSVEYFQYWGQGTLVTVSS,DIQLTQSPSTLSASVGDRVTITCRASQRINSWLAWYQQKPGRAPKLLIYEASTLESGVPSRFSGSGSGTDFTLTISSLQPDDFATYYCQQYSRYSTFGQGTKVEIK
ADI-47095,9.022,QVQLVESGGGVVQPGGSLRLSCAVSGFTFSSYGMHWVRQAPGKGLEWVAYIQYDGGNEHLADSVKGRFTISRDNSKNTLYLQMDRLRGEDTAFYYCVRDATPPEPDYWGQGTLVTVSS,DIVMTQSPDSLAVSLGERATINCKSSQNILYSSNNKNYLAWYQHKPGQPPKLLISWASTRESGVPDRFSGSGSGTEFTLTISSLQPEDVAVYYCQQYYTIRRTFGQGTKVEIK
ADI-47096,9.027,QVQLVESGGDLVKPGGSLRLSCEASGFTFSDYYMNWIRQAPGKGLEWVSFISDDDTTTYYADSVKGRFTISRDNAKNSLYLEMNDLRAEDTAIYYCARGQRFCNRASVSCHRAGYWGQGTTVTVSS,EIVLTQSPLSLPVTPGEPASISCRSSHSLLQPNGYNYLDWYLQKPGQSPQLLIYLASNRASGVPDRFSGSGSGTDFTLKISRVEAEDVGVYYCMQALQIPPTFGPGTKLEIK
ADI-47097,9.037,EVQLVESGGGLVQPGGSLRLSCVASGFTFNTYAMSWVRQAPGRGLEWVSTISNSSSSTYYADSVKGRFTISRDNSDNTLFLHMGSLRAEDTAIYYCAKNRGRSFLFDSWGQGSLVTVSS,EIVMTQSPLSLPVTPGEPASISCRSSQSLLHGNGYTYLDWYLQKPGQSPQLLINGGSYRASGVPDRFSGSGSGTDFTLKISRVEAEDVGVYYCMQAVQTPITFGQGTRLEIK
ADI-47298,9.047,EVQLLESGGGLVQPGGSLRLSCAASGFTFRSSAMSWVRQAPGTGPEWVSVFIGSGGSTYYADSVKGRFTISRDDSKNTVFLQMNSLRVEDTAVYYCAKGRSPPSGALDFWGQGTLVTVSS,DIQMTQSPSSLSASVGDRVTISCRASQPISSYLNWYQQKPGKAPKLLIYSTSALQNGVPSRFRGSGSGTDFTLTISSLQPEDFATYYCQQGYSTPSWTFGQGTKLEIK
ADI-47299,9.051,QVQLVQSGGGVVQPGRSLRLSCAASGFTFRLYSMHWVRQAPGKGLEWVGVISHTVTDKLYADSVKGRFSVSRDNSKNTLFLQMDSLRAEDTAVYYCARDGFDYWGQGTLVTVSS,EIVMTQSPLSLPVTLGQPASISCKSSQSLVYSDGDTYLNWFQQRPGQSPRRLIYKVSKRDSGVPDRFSGSGSGTDFTLKISRVEAEDLGVYYCMQGTHWPLTFGPGTKLEIK
ADI-47098,9.066,EVQLVESGGGLVKPGGSLRLSCAASGLAFNTYIMNWVRQAPGKGLEWVSSITGNSRYIYYAESVTGRFAISRDNAKKLLYLEMHTLRAEDTAVYYCARGPEFGLVALPGDVWGAGTTVTVSS,SYVLTQLPSVSVAPGQTAKITCGGHNLGNKNVHWYQQKPGQAPVLVMFDDADRPSGIPERFSGSNSGDTATLTISRVEAGDEADYSCQVWDSIADHGIFGGGTKLTVL
ADI-47212,9.081,QVQLVQSGAEVKKPGESLRISCQGSEYGFTNYWISWVRQMPGKGLEWMGRIDPSDSYPNYSPSFRGHVTISVDRSLSTAYLHLNSLKASDTAIYFCARHGGYCSSLTCPPLDYWGQGTLVTVSS,DIQMTQSPSFLSASVGDRVTITCRASQAISTYLAWYQQKPGKGPKLLIYAASTLQSGVPSRFSGSGSGTEFTLTISSLQPEDFATYYCQQLNDFLVFGPGTKVDIK
ADI-47214,9.085,QVQLQESGPGLVKPSGTLSVTCTVSGGSVSSGTYFWSWLRQPPGKGLEWIGYIYNTGSTHYNPSLKSRVTVLIDTSKNQFSLQLTSVTAADTATYYCARESSGGSPGWFDPWGQGTLVTVSS,DIQVTQSPSSVSASVGDRVSITCRASQGIGNWLAWYQLKPGKAPNLLIYAASRLQSGVPSRFTGSGSGTDFTLTISGLQPEDFATYFCQQASSFPYTFGQGTKVEIK
ADI-47102,9.115,QVQLVESGGGVVQPGTSLRLSCLASGFTFNTYQMHWVRQAPGKGLEWVAVISEDGSKKHDADSVKGRFTMSRDNSKNTVYLQMSSLTTEDTAVYYCARGHFVGGTHFDHWGQGTLVTVSS,DIQMTQSPSTLSASVGDRVTITCRASQSISNLLAWYQQKPGKAPKLLIYETSSLENGVPSRFSGSGSGTDFTLTISSLQPEDFATYYCQQHSFYPFTFGQGTKVDIK
ADI-47103,9.119,EVQLVESGGGLVKPGGSLRLSCAASGFIFSNAWMSWVRQVPGKGLEWVGRIKSKTNGETTEYAAPVKGRFTISRDDSKNTLYLQMTSLETEDTALYYCTAESNYQADYWGRGTLVTVSS,EIVLTQSPLSLPVTPGEPASISCRSSQSLLQSNGNNYLDWYVQKPGQSPQLLIYLGSNRASGVPDRFSGSGSGTDFTLKISRVEAEDVGLYYCMQALHPPGITFGQGTRLEIK
ADI-47107,9.134,EVQLVESGGGLVQPGGSLRLSCSASGFTVSSYAMHWVRQAPGKGLEYVSSI-ITTGATYYADSVKGRFIVSRDNSKNTVYLQMSSLTTEDTAVYYCLQTPRAGDCWGQGTLVTVSS,DIQMTQSPLSLPVTLGQSASISCRSSQSLVDSDGNTYLNWFQQRPGQSPRRLIYKVSNRDSGVPDRFSGSGSGTDFTLKISRVEAEDVGVYYCMQGTHWPYTFGQGTKVDIK
ADI-47220,9.168,QVQLVQSGAEVKKPGASVKLSCKTSGYEFANFGIAWVRQAPGQGLEWVGRINVFNDDTDYAEKFHGRVRMTTDDSTKTAYMHLWSLSPDDTAMYFCARDRSVVGATEFDYWGRGTLVTVSS,DIVMTQTPSTLSASVGDRVTITCRASQSISNWLAWYQQQPGKAPKLLIYKASNLQPGVPSRFSGSGSGTEFTLTISGLQPDDFATYYCQQYSTSLWKFGQGTKVDIK
ADI-47111,9.173,EVQLVESGGGLVQPGGSLRLSCAASGFTFSSYAMSWVRQAPGKGLEWVTTISGGGTSTYYANSVKGRFTISRDNSKNTLSLQMNSLRAEDTALYYCAKDVPYGDYSDNWGQGTLVTVSS,EIVMTQSPDSLAVSLGERATITCKSSQSVLYSSDNKNYLAWYQQKPGQPPKLLIYWASTRESGVPDRFSGSGSGTDFTLTISSLQAADVAVYYCQQYYSVPRTFGGGTKVEIK
ADI-47303,9.187,QVQLVQSGGGLVQPGGSLRLSCAGSGFVFSDYDMKWVRQAPGKGLEWLSYIRGSGSTKLYADSVKGRFTVTRDNDRRSLYLEMNTLRVEDTAVYYCAGRYSNFGPWDHWGQGVLVTVSS,ETTLTQSPGTLSLSPGDRGTLSCRASQSVSRRYLAWYQQKPGQAPRLLIYGTSTRATGIPDRFSGSGSGTDFALTITRLEPEDFAVYYCQQYDSAPWTFGQGTKVEIK
ADI-47221,9.192,EVQLVESGGGLVQPGGSLTLSCVGSGFIFRSDWMSWVRQAPGKGLEWVANIKQDGSDRYYVDSVKGRFTISRDNAKNSLYLQMNSLRAEDTAVYYCARVLTDDYSDNPKDPEVRGQVKPPPENYYGTDVWGQGTTVTVSS,DIRMTQSPSFLSASVRDRVTITCRASQGIGTYLAWYQQKPGKAPKLLMSRAFSLQSGVPSRFSGSGSGTEFTLTISSLQPEDFATYFCQQVNGYPHTFGQGTKLEIK
ADI-47222,9.197,QVQLVESGPGLVKPSETLSLTCSVSDDSIRSHYWSWIRQPAGKGPEWLGRVYFTGANNYNPSLKGRVSMSVDTSKNQVTLRLTSVTAADTAVYYCARGPNNVAVGSGYNYYYMEVWGKGTTVTVSS,EIVLTQSPATLSLSPGERATLSCRASQSVSSSLAWFQQKPGQAPRLLIYDTSIRSTGVPARFSGSGSETDFTLTISSLEPEDFAFYYCQQRSEWPLTFGGGTKVEIK
ADI-47305,9.197,QVQLVQSGAEVKKPGASVKVSCKASGYTFTVYYLHWVRQAPGQGLEWVGRISPKSGGTNYAQKFQGRVSMTRDTSINTAHMELSSLRSDDTAVYYCARDFGYYQDSSAYSPGAFDFWGQGTTVTVSS,DIVLTQSPGTLSLSPGERATLSCRASQTVTGSYLAWYQQKPGQAPRLLIYGASSRATGIPDRFSGSGSGTDFTLTISRLEPEDFAVYYCQQYGKSTRTFGQGTKLEIK
ADI-47114,9.236,EVQLLESGGGVVQPGGSLRLSCAASEFIFSTYGMHWVRQAPGKGLEWVSFIRHDGSNEYYADSVKGRFTISRDNSKNTLYLQMNRLRAEDTAVYYCAKDCGGDCYSYAWGQGTLVTVSS,DIVMTQTPDSLTVSLGERATINCKSSQSILY-TNNKSYLAWYQQKPGQPPKLLIYWASTRESGVPDRFSGSGSGTDFTLTISSLQAEDVAVYYCQQYYTIPQTFGQGTKVEIK
ADI-47226,9.246,QVTLKESGPTLVKPTQTLTLTCTFSGFSFSSHKAGVAWIRQPPGKALEWLAVIYWDDDKFYSPSLQSRLTITKDTSKNQVVLAMTNMDPVDTSTYYCAREDYYQSSNYYQSWGQGTLVTVSS,DIQMTQSPSSLSASVGDRVTITCRASQDIRDDLGWFQQKPGKAPKRLIYAASSLQSGVPSRFSGSGYGTEFTLTISSLQPEDFATYYCLQHTSYPRTFGQGTKVEIK
ADI-47227,9.246,QVQLQESGPGLVKPSETLSLTCNVSGGSISERSYYWAWIRQPPGKGLEWIASIYHRGHTWYNPSLESRVAISVETSKNQFSLRLSSVTAADTAIYFCAKQRYDIFTGQFYYFDVWGRGALVTVSS,DIVMTQSPDSLAVSLGERATINCKSSQTVLYSSNSKNFLGWYQQKPGQPPKLLIYWASTRESGVPDRFSGSGSGTDFTLTISSLQAEDVAVYYCQQYYSKPWTFGQGTKLEIK
ADI-47118,9.25,EVQLLESGGGLVHPGGSLRLSCEVSGFTLSRYWIHWVRQVPGKGLVWVSRMHGEGTTTNYADSVKGRFTISTDSSHNTVYLKMNSLRPEDTALYYCTRQEAVFGLVTTLDAFDVWGQGTMVTVSS,DIQLTQSPSSLSASVGDRVTVTCRASQPISVYLNWYQQRPGKAPKLLISSASTLQSGVPSRFSGSGSGTDFSLTISNLQPEDFVTYYCQHSYNAPYAFGQGTKLEIK
ADI-47306,9.255,EVQLLESGGGLVQPGRSLRLSCAASAFTFDGYAMHWVRQPPGKGLEWVSSVSWNSGNTDYADSVKGRFTISRDNAKKSLYLQMNSLRAEDTAFYYCVKSPTYSSSSGYFDYWGQGTLVTVSS,EIVLTQSPATLSVSPGERATLSCRASQSVSSNLAWYQQKLGQAPRLLIFGASTRATGIPARFSGSGSGTEFTLTVSSLQSEDFAVYYCQQYSNWPRTFGQGTKVDIK
ADI-47267,9.26,QVQLVQSGAEVKKPGSSVKVSCEASGGVFNTYSISWVRQAPGQGLEWMGGNFPIPGSTNYAQKFQDRLTI--SVAGSTFHMELRSLRPEDTAMYYCARKMGGGSAFDAWGQGTTVTVSS,DIVMTQSPSTLSASVGDRVTITCRASQNINVWLAWYQQKPGKAPRLLIYKASHLESGVPSRFSGGGSGTEFTLTISSLQPDDFATYYCQQYNTFSWTFGQGTKVEIK
ADI-47307,9.265,QVQLVQSGAEVKRPGASVKVSCKASGYTFTGYGISWVRQAPGQGPEWMGWISAYTGDTNYARQFQGRVTMTTDTSTSTAYMELRNLRSDDTAVYYCARDWPQGVVTIVIKGLDQWGQGTLVTVSS,EIVMTQSPSSLAASVGDRVTITCRASQSISRWLAWYQQKPGRAPKLLIYKASNLEDGVPSRFRGSGSGTEFTLTISSLQPEDLATYYCQRYYSDSQTFGQGTKVEIK
ADI-47228,9.265,QVQLVQSGSEVKKPGASATVSCKASGYIFTSYAISWVRQAPGQGPEWMGWVNTYNGETSYAQKFQGRVTMTAQISASTAYMELRSLRSDDTAVYYCGRLEVPAAIGRRYMDVWGKGTTVTVSS,DIVLTQSPDSLAVSLGERATINCKSSQSVLYSSNNRNYLAWYQQKPGQPPKLLIYWASTRESGVPDRFSGSGSGTDFSLTISSLQAEDVAHYYCQQYHSTPLTFGGGTKVEIK
ADI-47310,9.294,QVQLQESGPRLVKPAETLSLTCTVSGGSISGYYWSWIRQPPGKGLEWFGYIHYSGITNYNPSLKSRVTISLDTSKNQFSLKLSSVTAADTAVYYCARRFHYDSSPAFDIWGQGTMVTVSS,EIVMTQSPATLSVSPGERATLSCRASQSVSSNLAWYQQKPGQAPRLLIYGASTRATGIPARFSGSGSGTEFTLTISSMQSEDFAVYYCQQYNNWPTFGQGTKVEIK
ADI-47229,9.309,QVQLQESGPGLVKPSETLSLTCFVSDYSISSGYCWGWIRQPPGKGLQWIAPICHTASSYYNPSLKTRVTVSLDTSKNQFSLRLTSVTASDTAVYFCVRGGHGIVVEPRALLDYFDPWGQGTLVTVSS,DIVMTQSPGTLSLSPGERATLPCRASHSVNYKYLAWYQQKPGQAPRLLIYGASTRATGIPDRFSGSGSGTDFTLTISRVEPEDFAVYYCQQYGSSPVTFGQGTKLEIK
ADI-47230,9.318,EVQLVESGGGLVKPGGSLRLSCAASGFIFNGHSMNWIRQAPGKGPEWVSYIGTGGSPTYYADSVKGRFTISRDNARNSLSLQMNSLRVEDTAVYYCGRASYGDAIDHWGQGTLVTVSS,DIVLTQSPSFLSASVGDRVTITCRASQAISTYLAWYQQKPGKGPKLLIYAASTLQSGVPSRFSGSGSGTEFTLTISSLQPEDFATYYCQQLNDFLVFGPGTKLEIK
ADI-47124,9.328,QVTLKESGPVLVKPTETLTLTCTVSGFSVSNARMGVSWVRQPPGKALEWLAHIFSNDEKSYSTTLKNRVTISKDTSKSQVVLTLTNMDPVDTATYYCARLNPSGYGSGSYLFDHWGQGTLVTVSS,SYVLTQPPSVSVAPGETARITCGGNSIGSQNVHWYQQRPGLAPVLVMYDDYDRPSGIPERFSGSNSGDTATLTISRVEAGDEADYYCQVWDSRTDHPGVFGGGTKVTVL
ADI-47125,9.362,EVQLVESGGGLVKPGGSLRLSCAASGFTFSSYTMNWVRQAPGKGLEWVSSIRSSSAYIYYADSVKGRFTISRDNANNSLYLQMTSLRAEDTAVYYCARDNWSSSWDPEDHDAFDIWGQGTMVTVSS,DIVLTQSPGTLSLSPGERVTLSCRASQSVSSSFLAWYQQIPGQAPRLLIYGASRRATGIPPRFIGSGSGTDFSLTISRLEPEDFAVYYCQQYRNSPVTFGQGTKVEIK
ADI-47127,9.377,QVQLQESGPGLVKPSQTLSLTCAVSGDSFSSGDYSWSWLRQPPGQGLEWIGYICDSGSTFYNPSLQSRVSISIDTSKKQFSLRLTSVTAADTAVYYCARAFYDCWSGPVRDYFGMDVWGQGTTVTVSS,DIVMTQTPLSLPVTLGQPASISCRSSQSLLYSDGNTYLNWFQQRPGQSPRRLIYKVSTRDSGVPDRFSGSGSGTDFTLKISRVEAEDAGVYYCMQGTHWPPGYTFGQGTKVDIK
ADI-47234,9.377,EVQLVETGGGLVQPGGSLRLSCAVSGFTFSSFAMNWVRQAPGKGLEWVSGINSHGGSAVYADSVKGRFTISRDNSKNTLFLQMNSLGAEDTAMYYCVKDAKTGTYNYGWSPFDSWGQGTLVTVSS,EIVLTQSPATLSLSPGERATLSCRASQSVSSYLAWYQQKPGQAPRLLIYDASNRATGIPARFSGSGSGTDFTLTISGLEPEDFAVYYCQHRSTWPLTFGGGTKLEIK
ADI-47312,9.391,QVQLQESGPGLVKPSETLSLTCTVSGYSISSDYYWGWIRQPPGKGLEWIGIMSQSGSTHYKPSLKSRVAISVDTSRNQFSLNVSSVTAADTAVYFCARGKRFKALDVWGQGTTVTVSS,DIQMTQSPSSLSASVGDRVTITCRASQSISTYLNWYQQKPGKAPRLLIYVASSLQSGVPSTFSGSGSGTDFTLTISSLQPEDFATYYCQQTYSTPHTFGQGTKVDIK
ADI-47236,9.406,EVQLLESGGGLVQPGMSLRLSCAGAGFNFNEYAMHWVRQAPGKGLEWVSGIRWDGGSTGYADSVKGRFTISRDTAKNSLFLQMNSLRPDDTALYYCAKSSSDQLLWSRRGAWFDSWGQGTLVTVSS,DIQMTQSPSSLSASVGDRVTFTCRASQKISNYLNWYQKKPGRAPKVLIHDAYILESGVPSRFSGDGSGTDYTLTITSLQPEDFATYYCQQSYSSPPTFGGGTKLEIK
ADI-47249,9.44,QVQLVQSGAEVKKPGSSVKVSCKASGGTFNTYAISWVRLAPGQGLEWMGGIIPIFDIKHHAQKLQGRVNITADESTVTAYLELGSLRSEDTAVYYCARGRNDYGDSRYYLDSWGQGTLVTVSS,EIVLTQSPGTLSLSPGERATLSCRASQSVSNGYLAWYQQKPGQAPRLLIYGASSRATGIPDRFSGSGSGTDFTLTISSLEPEDFAVYYCQQYGTSPPYTFGQGTKLEIK
ADI-47129,9.508,QVQLVQSGAEVQKPGESLTISCKGSGYSFTKFWIGWVRQLPGKGLEWMGHFYPGNSETKYGPSFQGQVTISADRSISTVYLQWSSLKASDTAMYYCARGDYYDDSGYYANHDAFDAWGQGTMVTVSS,EIVMTQSPATLSVSPGERATLSCRASQSVSTNLAWYQQKPGQAPRLLIYDASTRFSGAPATFSGSGSGTEFTLTISSVQSEEFAIYYCQQYNIWPRTFGQGTKVDIK
ADI-47131,9.527,EVQLVESGPGLVKPSETLFVTCSVSNYSISSGLYWAWIRQSPGKGLEWLGSIYHTGNTYNNPSLRSRVTISVDTSKNQFSLKLSTVTAADTAVYYCARELHLAEDYLENQVHYGLDVWGQGTTVTVSS,DIQMTQSPSTLSASTGDRVTTPCRASQTISDWVAWYQQKPGRAPKLLIYRTSTLESGVPSRFSGSGSGTEFTLTISSLQADDFATYYCQQYHNYFLTFGGGTKVEIK
ADI-47246,9.561,EVQLVQSGAEVKKPGSSVRVSCKASGG-----VLAWVRQAPGQGLEWMGRVITLLNIPNYAEKFQDRVTITADKSTATVYMELNNLRFEDTAIYYCAKSDDRKSFPYWGQGTLVTVSS,ETTLTQSPDTLSLSPGERATLSCWASHSLDITDFAWYQQKPGQAPRLLIYATSRRATGVPDRFSGSGSGTDFSLTINRVEPDDSAVYFCQQYHSFRYAFGQGTKLEIK
ADI-47133,9.566,QVQLVQSGAEVKEPGASVKVSCKASGYTFTAYGFSWVRQAPGQGLEWMGWISAYNGETNFAQSLQGRVTMSTDSSTSTAYMELRSLRSDDTALYYCARIRAYQLLEALDVWGQGTMVTVSS,EIVLTQSPGTLSLSPGDRATLSCRASQSVRSNYLAWYQQKPGQAPRLLIYGASSRATGIPDRFSGSGSGTDFTLTISRLEPEDFAVYYCQQYGSSPVTFAQGTKLEIK
ADI-47134,9.585,EVQLVQSGAEVKKPGESLKISCKGSGYSFSTHWIGWVRQMPGKGLEWMGVIYPGDSDTRYSPYFQGQVTISADKSISTAYLQWSSLKASDTAIYYCARGYSSSSWDFNYLLDYWGQGTLVTVSS,DIVMTQSPDSQTVSLGERATINCKSSQSVLHSSNNRNYLAWYQQKPGQPPKLLIYWASTRESGVPDRFSGSGSGTDFSLTISSLQAEDVALYYCQQYYTTPQTFGQGTKLEIK
ADI-47316,9.605,QVQLVQSGGGVAQPGRSLRLSCAASGFTFSSYAMHWVRQAPGKGLEWVAVISYDGKSRYYAGSVKGRFDISRDSSKNTLYLQMNSLRVEDTAVYFCARGGVWGSFRSNFEYWGQGSRVTVSS,QTVVTQEPSVSVSPGGTVTLTCGLSSGSVSGTHYPTWYLQTPGQSPRTLIYNTDSRSSGVPDRFSGSLFGNKAALTITGAQAEDESAYYCSLYMNDGSWLFGGGTKVTVL
ADI-47239,9.61,EVQLVESGGGLVKPGGSLRLSCAASGFTFDSYTMTWVRQAPGRGLEWVSSISTSSTYIYYADSVRGRFTISRDNAKNSLYLQVNSLRVEDTAVYYCAKTSRSLDCSGGRCFDEDYYYYMDVWGKGTTVTVSS,EIVMTQSPPTLSASVGDRVTITCRASQTISTWLAWYQQKPGKAPKLLIYKASSLESGVPFRFSGSGSGTEFTLTINSLQPDDFATYYCQHFDYYSRRWTFGQGTKLEIK
ADI-47240,9.644,QVQLVESGGGLVQPGGSLRLSCEASGFAFGTLWMTWVRQAPGKGLEWVANIKQDGSETYYLDSVKGRFTISRDNAKNSLSLQMNSLRVEDTAVYYCARAYYYYGSERYHRTPFDFGDRGQGTLVTVSS,EIVLTQSPATLSVSPGERATFSCRASQSIRSDLAWYQQKPGQAPRLLIYGASTRATGIPARFSGSGSGTEFTLTISSTQSEDFAVYYCQQYNNWPPPYTFGQGTKLEIK
ADI-47241,9.648,EVQLVESGGGVVQPGRSLRLSCTASGFIFSSYAIHWVRQAPGKGLEWVAVISYDGSNKYYADSVKGRFTISRDNSKRTLYLQVNSLRAEDSAVYYCAKDRQYGSYHNTYLLTALDSWGQGTLVTVSS,DIQMTQSPSSLSASVGDRVTITCQASQDIGNHLNWYRQRPGKAPELLIYDAFTLEAGVPSRFSGSGSGTHFALTISSLRPEDFATYYCQQYSNLPPINFGQGTRLEIK
ADI-47139,9.75,EVQLQESGPGLVKPSETLSLTCSVSGGAINSYYWSWVRQPPGKGLEWIGYIYFSGSTTYNPSLKSRVAISVDTSQNQFSLRLSSVTAADTAVYYCAKLIITYNSDHSLGYFDIWGQGTLVTVSS,QPVLTQPASVSGSPGQSITFSCTGTSSDVDGYNYVSWYQQHPGEAPKLIIYDVSSRPSGVSTRFYGSKSGNTASLTISGLQAEDEANYYCSSYTKTSTLVFGGGTKLTVL
ADI-47181,9.77,QVQLVQSGAEVKKSGSSVKVSCKTSGGSFSDHGLSWVRQAPGQGLQWVGGIIPLFRMTKYAQTLQGRVSIIADESTSTAFLELRNLRSEDTALYYCTREGRHAAMAPPDIWGQGTLVTVSS,DIVLTQSPATLSLSPGERATLSCRTSQSVTRYLAWYQQKPGQVPRLLIYDASIRATGIPARFSGSGSGTDFTLTISSLEPEDFAVYYCQDRSDWPSLTFGGGTKVDIK
ADI-47248,9.799,QVQLVQSGGGLVPPGGSLRLSCEASGFIFSSYDMHWVRRPIGRGLEWVSGITSSGDTYYLGSVKGRFFISREDAKNSLYLQMNSLTDGDSAVYYCVRTLTLKGDAFDIWGQGTVVTVSS,DIQVTQSPSTLSASVGDRVTVTCRASQSINKWLAWVAWYQQKPGKAPKLLIYKASSLQTGVPSRFSGSGSGTDFTLTIDGLQPDDFATYYCQLYNNYSWTFGQGTKVEIK
ADI-47141,9.833,EVQLLESGGGVVQPGGSLRLSCAASGFRFSQYEMHWVRQAPGKGLEWVAFIFYDG-DTYYADSVKGRFTISRDNSGNMLYLQMNHLRAEDMAIYYCVRGGQTRDWSYFDYWGQGTLVTVSS,EIVMTQSPLSLSVTLGQSASISCRSSQSIVYSDGNAYLNWFHQRPGQPPRRLIYKASNRDSGVPDRFSGSGSGTDFTLKISRVEAEDVGIYYCMQVTHWPPFTFGQGTKVEIK
ADI-47250,9.93,EVQLVESGPGLVKPSETLSLTCTVSTYSISSGYYWNWIRQPPGKGLEWIGSIYHSGSTDYNPSLKSRVAISLDTSNKRFSLKLRSVTAADTAVYFCARFDSAYMGRLAFDSWGQGTLVTVSS,EIVLTQSPGTLSLSPGERATLSRSASQSVSSSYLAWYQQKPGQAPRLLIYGASSRATGIPDRFSGSGSATDFTLTISRLEPEDFAVYYCQQFGSSPMYTFGQGTKLEIK
ADI-47251,9.935,QVQLVQSGAEVKEPGSSVKISCSASGYTFTYRYLHWVRQAPGQALERMGWITPYNGNTDYAKKFQGRVLITRATSLNPIYMQLSGLASEDTAIYYCVRSPLHAPPTDYVFDSWGQGTLVTVSS,EIVLTQSPGTLSLSPGERATLSCRASQTVNSKSLAWYQQRPGQAPRLLIYDVSTRATGIPDRFSGSGSGTDFSLTISRLEPEDFVVYYCQHFGGSLWTFGQGTKVEIK
ADI-47252,9.94,QVQLQESGPGVVKPSETLSLICGVSGYSISSGYHWGWIRQPPGKGLEWIGSVYLGGTSHYNASLESRVTISIDTSKNQVSLKVRSVTAADTAAYFCARGSSYYSFDYWGQGTLVTVSS,ETTLTQSPATLSVSPGDRATLSCRASRNIGSSLAWYKQQPGQAPRLLIYTAPTGATGLPVRFSVSGSGTEFTLTINSVQSEDFAVYYCQQNYDWPLTFGGGTKLEIK
ADI-47145,9.978,QVQLVQSGAELKEPGESLKISCQGFDYGLNKHWIGWVRQTPGKGLEWMGIIYPIDSDTRYSPSFQGQVTMSVDTSTATAYLHWSSLKASDTAMYYCYLDTLDPVAGPEVAYWGQGTLVTVSS,DIVMTQSPDSLAVSLGERATINCKSSQSVLYSSNNKNYLAWYQQKPGQPPKLLIYWASTRGSGVPDRFSGSGSGTDFALTISSLQAEDVAVYYCQHYYSTPYAFGQGTKVEIK
ADI-47254,9.998,QVQLVQSGGEVTKPGASVRVSCKASGYSFTGYHIHWVRQAPGQGLEWMGWVNPKSGDTKTAQIFQGRVTLTRDTSIGTAYMELRSLSPGDTAVYFCARGGGLLRYFDYLSPFDSWGQGTLVTVSS,EIVLTQSPGTLSMSPGERAALSCRASQTVNSNFLAWYQQKPGQAPRLLIYSATVRATGIPDRFSGSGSGTDFTLTISRLEPEDFAVYFCQQYGDSTWTFGQGTKVEIK
ADI-47146,10.032,EVQLVESGPGLVKPSGTLSLTCAVSGGSISSNDWWSWVRQPPGKGLEWIGEVHHTGSTNYNASLKSRLTISVDKSKSQFSLKLTSVTAADTAVYYCASSHLTGYTYEGVPYWGQGTLVTVSS,EIVLTQSPGTLSLSPGEGATLSCRASQSVSNSYLAWYQQRPGQAPRLLIYGASSRATGIPYRFSGSGSGTDFTLTISRLEPEDFAVYYCHQYGSPWTFGQGTKVDIK
ADI-47147,10.076,QVQLQESGPGLVKPSETLSLTCTVSAGSVASTNYYWGWVRQPPGKGLEWIGSIYYSGSTYNNEFLESRVTMSIDTSKNQFSLRLSSVTAADTAVYYCARHFQLSKSGTYRDFYYYGLDVWGPGTTVTVSS,EIVMTQSPSSLSASIGDRVTITCRASENIDNFLNWYQYKPGHAPKLLIYRVSTLQRGVPSRFSGGGSGTDFTLTITSLQPEDFATYICQQGFSSSLTFGPGTKVEIK
ADI-45489,10.168,EVQLVESGGGLVKPGGSLRLSCAASGFTFSNAWMTWVRQAPGQGLEWVGRIKSKADGGTVDYAAPVKGRFTISRDDSENTLYLQMNSLRTEDTAVYYCATDSVAGVIYYYYGMDVWGQGTTVTVSS,DIRMTQSPLSLPVTPGEPASISCRSSQSLLHSNGYNYLDWYLQKPGQSPQLLIYLGSNRASGVPNRFSGGGSGTDFTLKISRVEAEDVGVYYCMQALQIPAFGGGTKVEIK
ADI-47165,10.187,QVQLVQSGAEVKKPGSSVKVSCKASGGTFSSDAFSWVRQAPGQGLEWMGGIMPIFGTPNYAQRFQDRVTITADEDTSTVYMELSSLRSEDTAVYYCARSYCGGDCYSPFDFWGQGTLVTVSS,EIVMTQSPSSLSASVGDRVTITCQASQDITNYLNWYQQKPGQAPKLLIYDAFNLQTGVPSRFSGSRSGTDYTFTISSLQPEDIATYYCQQYDTVPITFGQGTRLEIK
ADI-47148,10.352,EVQLQESGPGLVRPSETLSLTCNVSGGSISNSIYHWAWIRQPPGKGLNYIGNIFYSGSTHFSPSLKSRITMSVDTSKNQFSLKLSSVTAADTAVYYCARLVMEYLGASPHDAFDIWGQGTMVTVSS,DIQMTQSPSSLSASVGDRVTITCRASQSIATSLNWYQQKPGKAPKLLIYAASNLQSGVPSRFTGSGFGTDFTLTISSLQPEDFATYYCQHSYSDPFGGGTKVEIK
ADI-47159,10.41,QVQLVQSGAEVKKPGSSVKVSCKASGGTFGSHSLSWVRQAPGKGLEWMGRIIPLLGAVNLGERAPGRISLTADKSTGTAYLELRSLRPEDSAIYYCARDHDGGPSRGWGDYYYYMDVWGEGTRVTVSS,EIVMTQSPATVSVFPGERATLSCRASQSISTNVAWYQEKPGQAPRLLIFGASTRATAVPARFSGGGSGTDFTLTITSVQSEDFAVYYCQQYNNWPLTPTFGQGTRLEIK
ADI-47156,10.541,QVQLVQSGAEVKKPGSSVKVSCKASGSTVSNYVVSWVRQAPGQGLEWMGRIIPVLGTANYAQKFQGRVTFIADEYTSTVYMELSSLRSEDTAVYYCARDRPYYCSSASCPSQYFDSWGQGTLVTVSS,QSVLTQPPSASASLGASVKLTCTLSNGHSDYAIAWHQQQPDKGPRYLLNVNSDGSHNKGDGIPDRFSGSSSGAERYLTISSLQSEDEADYYCQTWATDIHVFGTGTKLTVL
ADI-47154,10.949,QVQLQQSGPGLVKPSETLSLTCTVSGGSISSSDYYWGWIRQPPGKGLEWIGNIYYSGDTYFNPSLESRVTISVETSKNQFSLNLRSVTAADTAFYFCARLPYSYGFSYYGMDVWGQGTTVTVSS,DIQLTQSPSSMSASVGDRVTITCRASQDINVWLAWYQQKPGKAPKLLIYSASNLQSGVPSRFSGSGSGTDFTLTISSLQPEDFATYFCQQADSFPLTFGGGTKVEIK
ADI-47263,11.279,QVQLQESGPGLMKPSQTLSLTCTVSGVSISSVDYYWSWIRQSPGKGLEWLGYIYYSGITYYNPSLKNRIDISMDMSKNQFSLRLTSVTAADTAVYYCARGGFTIFWPWAVWGKGTTVTVSS,EIVLTQSPSSLSASIGDRVTVTCRASQDIDNYLAWYQQKPGKAPKLLIYDAYSLQSGVPSRFSGRGSGTEFTLTISSLQPEDVATYYCQKYNNVPYTFGQGTKLEIK
ADI-47160,11.745,QVQLQQWGAGLLIPSETLSLTCAVYGGSFSAYYCHWIRQPPGKGLEWIGEISHSGITKYNPSLKSRVTISVDTSNNQVSLKLTSVTAADTAVYYCVTYDFGSGNDVLFDYWGQGTLVTVSS,QSALTQPASVSGSPGQSITISCTGTSSDVGSYNLVSWFQHHPGKAPKLMIYEVTKWPSGVSNRFSGSKSGNTASLTISGLQAEDEADYYCSSYAGSNWVFGGGTKLTVL
ADI-47265,11.886,QVQLQESGGGVVQPGGSLRLSCAASGFTFNNYGMHWVRQAPGKGLEWVAFIWFDGSTKYYAVSVKGRFTISRDNSQNTLYLQLSGLRGEDTAVYYCAKDLGIEYASSWFPRNRFYGLNVWGQGTTVTVSS,EIVLTQSPGTLSLSPGERATLSCRASQSVSSIYLAWYQQKPGQAPRLLISGASSRAAGIPDRFSGSGSGTDFTLTISRLEPEDFAVYYCQQCGGSPPYTFGQGTKLEIK
ADI-47163,12.148,EVQLVESGGGLVQPGGSLRLSCAGSGFSVSATYMSWVRQAPGKGLEWVSVIYTDGSTYYADSVKGRFSISRDTSKNTLYLQMDSLRAEDTAVYYCAGDPGLRNGMDVWGQGTTVTVSS,EIVLTQSPGTLSLSPGERATLSCRASQSV---TLGWFQQKPGQAPRLLIYGASNRGAGIPDRFSGSGSETEFTLTISRLEPEDFAMYYCQQYGSSPPDTFGQGTRLEIK
ADI-47126,12.905,QVQLVQSGAEVKKPGSSVKVSCKASGDIISSHAINWVRQAPGQGLEWMGRIIPILGTANYAQKFQGRLTISADESTITAYMELSSLTSEDTAVYYCARDLNSIWFGELLFDYWGQGTLVTVSS,EIVLTQSPGTLALSPGERATLSCRASQNVYNNYLAWYQQHPGQAPRLLIYGASSRATGIPDRFSGSGSGTDFTLTISRLEPEDFAIYYCQQYGRSPGTFGQGTKLEIK
ADI-47080,8.886,EVQLVESGGGLVQPGGSLRLSCAASGLSVSNNYMIWVRQAPGKGLEWVSVVYSVGDTNYADSVKGRFTISRDLSKNTLYLQMSRLRVEDTAVYYCARDPDGIYHHESGGYNDYWGQGTLVTVSS,SYELIQLPSVSVSPGQTARITCSGDALPKKNAYWYQQKSGQAPVLVVYEDRKRPSGIPERFSGSSSGTMATLTISGAQVEDEADYYCYSSDNSGTHRVFGGGTKLTVL
ADI-47088,8.935,EVQLLESGPGLVKPSETLSLTCGVSGDSITNGNYWAWIRQPPGKGLEWIASVHQSGTTFYNPSLGSRVTISMDRAKNQFSLNLRSLTAADTAVYICARLGPEEFSPFDPWGQGTLVTVSS,SYELTQPPSVSVAPGQTASITCGGRNIGSKTVHWYQQKPGQAPILVIYDDDDRPSGIPERFSGSNSGNTATLTFSRVEVEDEADYYCQIWDGSGDQPWVFGGGTKLTVL
ADI-47210,9.051,QVQLVESGGGLVKPGGSLRLSCAASGFIFSDFYMSWIRQIPGKGLEWVSYISSSSSTTYFADSVRGRFSISRDNAQNSLYLEMNSLRDEDTAVYYCAKGYKFASNWGRGTLVTVSS,QSVLTQPPSVSGAPGQRVTISCTGSSSNLGAGYDVHWYQQFPGSAPKLLIHGNHNRASGVPDRVSGSKSGTSASLAITGLQAEDEADYYCQSYDSNVRGSVFGGGTKVTVL
ADI-47211,9.056,EVQLLESGGGLVRPGGSLRLSCVAAGFDFGSYAMSWVRQAPGRGLEWVSGTSGSGSRTYYADSVKGRFTVSKDDSRNTLYLQMNRLRAEDTARYYCAKGDHCSGRSCSSLDFYYYYMDVWGTGTTVTVSS,QSVVTQEASVSGTVGQRVTLSCNGNRNNVGSYAVGWYQQTSHGALKTVMAR-NSLPSGIPDRFSGSKSGTTASLTISGLQPEDEGDYYCSTWDYRLSTFVFGPGTKVTVL
ADI-47101,9.105,EVQLVESGGGVAQPGRSLRLSCVGSGFPFSLYSLHWVRQTPDKGLEWVAVMSYDGNNKYYADSVKGRFTVSRDNSKNTVFLQMNSLRAEDTAVYYCARNLDSLGYGGLDFWGRGTPVTVSS,QSVLTQPPPVSVSPGQTARITCSGDVLANQYVYWYQQKSGQAPVLLMYKDSERPSGIPERFSGSTSGRTATLTISGVQAEDEADYYCLSPDSSGGYRGVFGTGTKLTVL
ADI-47108,9.153,EVQLLESGGDLVKPGGSLRLSCAASGFTVGDVWMSWVRRAPGKGLEWVGRIKSKADGGAIDYAAPVQGRFTISRDDSKNTLYLQMNSLRIEDTAVYYCSTDFEIVTVPTAPKGDYWGQGTLVTVSS,SYELTQPPSVSVSPGQTARITCSGHALPKKYVYWYQQKSGQAPVLVIYEDTKRPSGIPERFSGSSSGTMATLTISGAQVEDEADYYCFSGDANNDQEAFGGGTKLTVL
ADI-47110,9.173,EVQLLESGGRLVQPGGSLRLSCTASGFTFTSYAMTWVRQAPGKGLEWVSSMSGGGDNTYYADSVKGRFTISRDRSKNTLYLQMDSLRADDTAVYFCAKDWAVGSYFWFDYWGQGTLVTVSS,QSVLTQPPSASGSPGQSVTISCTGTSSDVGGYSYVSWYQQHPGKAPKLLIYEVNKRPSGVPDRFSGSKSGSTASLTVSGLQAEDEADYHCSSYAGSDNFVIFGGGTKLTVL
ADI-47115,9.246,EVQLLESGGGLVRPGGSLRLSCTGSGFTFANYWMSWVRQAPGRGLEWVANIEQHGTEEYYVDSVKGRFIISRDNAKKSLFLEMNSLRPEDTAIYYCTRESIYTGYPSTPWGQGTLVTVSS,EIVLTQSPATLSLSPGERATLSCRASQSVSTFLAWYQQTPGQPPRLLIYDASYRATGIPARFSGSGSGTDFTLTISSLEPDDSAVYYCQQRYIWPPITFGQGTRLEIK
ADI-47128,9.503,QVQLVQSGDEVKRPGASVKVSCKASGYTYSTYGISWVRQAPGQGLEWMGWITSHNVKTNYAQKFQDRVTMTTDTSASTAYMELRSLRSDDTAVYFCARAYCPGECRGSYVEPLMDVWGQGTTVTVSS,SYELTQPPSVSVSPGQTARITCSGDASPKKYTYWYQQKSGQAPVLLIYEDNKRLFGIPERFSGSTSGTVATLTVSGAQVEDEASYYCSSADTTGNHWLFGGGTKLTVL
ADI-47314,9.532,QVQLVQSGAEVKKSGESLKISCKGSGYSFANYWIGWVRQMPGKGLELMGIIYPGDSDARYRPSFQGQVTISADKSISTAYLHWNSLKASDTAMYYCARRYGPLGTNFDYWGQGTLVTVSS,QPVLTQPASVSGSPGQSITISCTGTSSDVGLYNYVSWYQQHPGKAPKLMIYDVSNRPSGVSNRFSGSKSGNTASLTISGLQAEDEADYFCSSYRSSSLGVFGSGTKVTVL
ADI-47315,9.595,EVQLLESGGGGVRPGESLRLSCAASGFTFTTYGMHWVRQAPGQGLEWVAFIRYDGNSKKYPDSVKGRFTISRDTSKSTVYLQMDRLRGEDTAVYYCAKERRTSIFGTTPYPFDVWGQGTMVTVSS,QSALTQPRSVSGSPGQSVTISCTGTSSDVGDYNYVSWYQQHPGKAPKLMIYDVTKRPSGVPDRFSGSKSGNTASLTISGLQAEDESDYYCCSYAGSRGFVFGTGTKLTVL
ADI-47242,9.648,GVQLVESGGGLLQPGGSLRLSCAASGFTFSSYAMSWVRQAPGKGLEWVAGISGSGGSTNYADSVKGRFTISRDNSKNTLYLQMNSLRAEDTAVYYCAKDPASVTTGIDYWGQGTLVTVSS,SYVLTQPPSASGSPGQSVTISCTGTSSDVGFYNYVSWYQQYPGKAPKLMIYEVSKRPSGVPDRFSGSKSGNTASLTVSGLQAEDEADYYCTSYGGSNNLVFGGGTKLTVL
ADI-47136,9.668,EVQLVESGGGLEQPGRSLRLSCTTSGFTFGDYFMSWFRQAPGEGLEWVGFIRSQGHGGTTEYAASVKGRFTISRDDSKSIAYLQMNSLKTEDTAVYYCINFLHGHNWFDPWGQGTLVTVSS,QPVLTQPRSVSGSPGQSVTISCTGTSSDVGAYNYVSWYHPHPDKAPKLMIYDVTKRPSGVPDRFSGSKSGNTASLTISGLQAEDEADYYCCSYAYIYTSSFVFGAGTKVTVL
ADI-47138,9.721,EVQLVESGGGLVQPGGSLRLSCAASGFSVSNNYMSWVRQAPGTRLEWVSVIYSGGSTYYADSVKGRFTISRDNSKNTLYLQMTSLSADDSAVYYCARTGGILVASGFDSWGQGTLVTVSS,QPVLTQPASVSGSPGQSITISCTGTSSDVGGYNYVSWYQQHPGKAPKLMIYDVNNRPSGVSNRFSGSKSGNTASLTISGLLADDEADYYCCSYTSYSEVIFGGGTKLTVL
ADI-47142,9.872,EVQLVESGGEVKKPGSSVKVSCKASGYTFSAYGINWVRQAPGQGLEWMGWISDYTGETSYAQSFQGRVTMTTDTSTTTAYLELRSLRSDDTAVYYCAKDGYFYDTSTYSRRGEYLENWGQGTLVTVSS,SYELTQPPSMSVSPGQTVTITCSGDKLGNKYVSWYQQKPGQSPVLVIYEDSRRPSGIPERLSGSNSGNTATLTISEAQDMDEADYYCQVWDRNAIFGGGTKVTVL
ADI-47144,9.964,EVQLVESGGGLVQPGGSLRLSCAASGFALSKYDMHWVRQAPGKGLEWISGVATVKYTYYSDSVRGRFSISRDNAKNSLFLQMSNLEGGDTAIYYCVRNYGDDDYYHYYMDVWGKGTTVTVSS,QSVLTQPPSISGAPGQRVTISCTGSSSNIGAGYDVHWYRQIPGTVPQLLIFDNNHRPSGVPDRFSGSKSGTSASLAITGLQAADEAVYYCQSYDGSVSGAWVFGGGTKVTVL
ADI-47157,10.478,QVQLVQSGDEVKKPGSSVKVSCEASVDTLTNYFITWVRQAPGQGLEWMGRIAPVPDIANYARKFQGRVTFTADKSTSRVYMEVTSLRYEDTAVYYCAREVLYFEWLPPVYGMDVWGQGTTVTVSS,DIQMTQSPSSLSASVGDRVTITCRASQTISRNLNWYQQKPGKAPKLLIYAASSLPSGVPSRFSGSGSGTDFTLTISGLQPEDFAIYYCQQSYSVPIFTFGPGTKVEIK
ADI-47150,11.119,QVQLVQSGAEVKKPGSSVRVSCKASGGTFSNYAITWVRRAPGQGLEWMGRIIPVSGTETTARRFQGRVTITADESTSTAYMELSSLRYEDTADYYCARNHYGSESSDFYFGLDVWGQGTTVTVSS,QSVLTQPPSVSGAPGQRVTISCTQSISYIGTPYDVHWYPHLPGTAPKLLIYGNTNRPSGVPDRFSGSKSGTSASLAITGLQAEDEADYYCQSYDSSRSGWVFGGGTKLTVL
ADI-47164,12.507,EVQLLESGPGLVKPSETLSLTCTVSGGSISSSNHYWGWIRQPPGKGLEWIGTIYYSGTTYYNPSLRSRITISVDTSKSQISLRVTSLTATDTAMYYCARQSTTDAFDMWGQGTLVTVSS,QPGLTQPRSVSGSPGQSVTIYCTGTSSDIGDYYYVSWYHQIPGKAPELVIYDVNKRPSGVPDRFSGSKFGNTASLTISWLQAEDEADYYCSSYAVNSRVLFGGGTKVTVL
ADI-45411,8.93,EVQLLESGGGLVQPGGSLRLSCAASGFTFSSYWMHWVRQAPGKGLVWVSRINSDGSSTSYADSVKGRFTISRDNAKNTLYLQMNSLRAEDTAVYYCARGSYYRPDYWGQGTLVTVSS,NFMLTQPHSVSESPGKTVTISCTRSSGSIASNYVQWYQQRPGSSPTTVIYEDNQRPSGVPDRFSGSIDSSSNSASLTISGLKTEDEADYYCQSYDSSPWVFGGGTKLTVL
ADI-45488,9.275,EVQLVESGGGLVQPGGSLRLSCAASGFTFSSYWMSWVRQAPGKGLEWVANIKQDGSEKYYVDSVKGRFTISRDNAKNSLYLQMNSLRAEDTAVYYCARPQRPYYYGSGEFDPWGQGTLVTVSS,EIVLTQSPGTLSLSPGERATLSCRASQSVSSSYLAWYQQKPGQAPRLLIYGASSRATGIPDRFSGSGSGTDFTLTISRLEPEDFAVYYCQQYGSSPPGYTFGQGTKVDIK
ADI-47285,8.751,EVQLVESGSGLVKPSQTLSLTCAVSGGSISSGGYSWSWIRQPPGKGLEWIGYIYHSGSTYYNPSLKSRVTISVDRSKNQFSLKLSSVTAADTAVYYCARDSLRCSGGSCYLNYFDYWGQGTLVTVSS,DIQLTQSPSSLSASVGDRVTITCRASQSISSYLNWYQQKPGKAPKLLIYAASSLQSGVPSRFSGSGSGTDFTLTISSLQPEDFATYYCQQSYSTPPTFGGGTKVEIK
ADI-46713,8.76,EVQLLESGGGLVQPGGSLRLSCAASGFTFSSYAMSWVRQAPGKGLEWVSAISGSGGSTYYADSVKGRFTISRDNSKNTLYLQMNSLRAEDTAVYYCAKPAAIRWYFDLWGRGTLVTVSS,ETTLTQSPGTLSLSPGERATLSCRASQSVSSSYLAWYQQKPGQAPRLLIYGASSRATGIPDRFSGSGSGTDFTLTISRLEPEDFAVYYCQQYGSSPFTFGPGTKLEIK
ADI-46708,8.765,EVQLVESGGGLVQPGRSLRLSCAASGFTFDDYAMHWVRQAPGKGLEWVSGISWNSGSIGYADSVKGRFTISRDNAKNSLYLQMNSLRAEDTALYYCAKDRRDGYTWYWFDPWGQGTLVTVSS,ETTLTQSPSSLSASVGDRVTITCRASQSISSYLNWYQQKPGKAPKLLIYAASSLQSGVPSRFSGSGSGTDFTLTISSLQPEDFATYYCQQSYSTPLTFGGGTKVEIK
ADI-45406,8.78,EVQLVESGGGLVKPGGSLRLSCAASGFTFSNAWMSWVRQAPGKGLEWVGRIKSKTDGGTTDYAAPVKGRFTISRDDSKNTLYLQMNSLKTEDTAVYYCTTDWYDILTGPDYWGQGTLVTVSS,ETTLTQSPGTLSLSPGERATLSCRASQSVSSSYLAWYQQKPGQAPRLLIYGASSRATGIPDRFSGSGSGTDFTLTISRLEPEDFAVYYCQQYGSSRTFGQGTKVEIK
ADI-46704,8.78,QVQLVQSGAEVKKPGASVKVSCKASGYTFTSYYMHWVRQAPGQGLEWMGIINPSGGSTSYAQKFQGRVTMTRDTSTSTVYMELSSLRSEDTAVYYCARDLARGAPHSKISSWYVFDYWGQGTLVTVSS,ETTLTQSPGTLSLSPGERATLSCRASQSVSSSYLAWYQQKPGQAPRLLIYGASSRATGIPDRFSGSGSGTDFTLTISRLEPEDFAVYYCQQYGSSPPLTFGGGTKVEIK
ADI-46706,8.799,EVQLVESGGGLVQPGGSLRLSCAASGFTFSSYAMSWVRQAPGKGLEWVSAISGSGGSTYYADSVKGRFTISRDNSKNTLYLQMNSLRAEDTAVYYCAKVPLGTLEAGRFDPWGQGTLVTVSS,DIQVTQSPSSLSASVGDRVTITCQASQDISNYLNWYQQKPGKAPKLLIYDASNLETGVPSRFSGSGSGTDFTFTISSLQPEDIATYYCQQYDNLPYTFGQGTKVEIK
ADI-45430,8.799,EVQLLESGPGLVKPSGTLSLTCAVSGGSISSSNWWSWVRQPPGKGLEWIGEIYHSGSTNYNPSLKSRVTISVDKSKNQFSLKLSSVTAADTAVYYCARTPIAVADSYFDYWGQGTLVTVSS,DIVMTQSPDSLAVSLGERATINCKSSQSVLYSSNNKNYLAWYQQKPGQPPKLLIYWASTRESGVPDRFSGSGSGTDFTLTISSLQAEDVAVYYCQQYYSTPPTFGQGTKVEIK
ADI-45409,8.823,EVQLVESGGGLVQPGGSLRLSCAASGFTFSSYAMSWVRQAPGKGLEWVSAISGSGGSTYYADSVKGRFTISRDNSKNTLYLQMNSLRAEDTAVYYCANGGSVKSSPAKYPENIGDYWGQGTLVTVSS,DIQVTQSPSSLSASVGDRVTITCQASQDISNYLNWYQQKPGKAPKLLIYDASNLETGVPSRFSGSGSGTDFTFTISSLQPEDIATYYCQQYDNLPLTFGGGTKVEIK
ADI-45405,8.838,QVQLVQSGAEVKKPGASVKVSCKASGYTFTSYYMHWVRQAPGQGLEWMGIINPSGGSTSYAQKFQGRVTMTRDTSTSTVYMELSSLRSEDTAVYYCARDQGGRWLQVDDYWGQGTLVTVSS,QSVLTQPPSASGSPGQSVTISCTGTSSDVGGYNYVSWYQQHPGKAPKLMIYEVSKRPSGVPDRFSGSKSGNTASLTVSGLQAEDEADYYCSSYAGSNNVVFGGGTKLTVL
ADI-47188,8.857,QVQLVQSGAEVKKPGASVKVSCKASGYTFTSYAMHWVRQAPGQRLEWMGWINAGNGNTKYSQKFQGRVTITRDTSASTAYMELSSLRSEDTAVYYCARALYCGGDCYPGGAGMDVWGQGTTVTVSS,QSVLTQPPSSSASPGESARLTCTLPSDINVGSYNIYWYQQKPGSPPRYLLYYYSDSDKGQGSGVPSRFSGSKDASANTGILLISGLQSEDEADYYCMIWPSNAVVFGGGTKLTVL
ADI-45408,8.964,EVQLVESGGGLVQPGGSLRLSCAASGFTFSSYAMSWVRQAPGKGLEWVSAISGSGGSTYYADSVKGRFTISRDNSKNTLYLQMNSLRAEDTAVYYCAKDITVAAGQGFWGQGTLVTVST,DIVMTQTPDSLAVSLGERATINCKSSQSVLYSSNNKNYLAWYQQKPGQPPKLLIYWASTRESGVPDRFSGSGSGTDFTLTISSLQAEDVAVYYCQQYYSTPLTFGGGTKVEIK
ADI-45479,9.003,EVQLVESGGGLIQPGGSLRLSCAASGFTVSSNYMSWVRQAPGKGLEWVSVIYSGGSTYYADSVKGRFTISRDNSKNTLYLQMNSLRAEDTAVYYCARDPIRGPPGIAAAGEGYWGQGTLVTVSS,DIVLTQSPSSLSASVGDRVTITCRASQGISNYLAWFQQKPGKAPKSLIYAASSLQSGVPSKFSGSGSGTDFTLTISSLQPEDFATYYCQQYNSYPITFGQGTRLEIK
ADI-45407,9.11,EVQLVESGGGLVQPGGSLRLSCAASGFTFSSYAMSWVRQAPGKGLEWVSAISGSGGSTYYADSVKGRFTISRDNSKNTLYLQMNSLRAEDTAVYYCAKGRAVLVWGNNYYGMDVWGQGTTVTVSS,QSVLTQPPSVSAAPGQKVTISCSGSSSNIGNNYVSWYQQLPGTAPKLLIYENNKRPSGIPDRFSGSKSGTSATLGITGLQTGDEADYYCGTWDSSLSAGVFGGGTKLTVL
ADI-47218,9.119,EVQLVESGGGVVQPGRSLRLSCAASGFTFSSYGMHWVRQAPGKGLEWVALIWYDGSSKYYADSVKGRFTISRDNSKNTLYLQMNSLRAEDTAVYYCARDGGCTSTSCYGFDYWGQGTLVTVSS,DIQLTQSPSFLSASVGDRVTITCRASQGISSYLAWYQQKPGKAPKLLIYAASTLQSGVPSRFSGSGSGTEFTLTISSLQPEDFATYYCQQLNSYPSTFGQGTRLEIK
ADI-45476,9.178,EVQLLESGGGLVQPGGSLRLSCAASGFTFSSYAMSWVRQAPGKGLEWVSAISGSGGSTYYADSVKGRFTISRDNSKNTLYLQMNSLRAEDTAVYYCAKDPIVVVTGIDYWGQGTLVTVSS,QPVLTQPPSVSAAPGQKVTISCSGSSSNIGNNYVSWYQQLPGTAPKLLIYDNNKRPSGIPDRFSGSKSGTSATLGITGLQTGDEADYYCGTWDSSLSAVVFGGGTKLTVL
ADI-45480,9.212,EVQLLESGAGLLKPSETLSLTCAVYGGSFSGYYWSWIRQPPGKGLEWIGEINHSGSTNYNPSLKSRVTISVDTSKNQFSLKLSSVTAADTAVYYCARLSHFGGVIAYYFDYWGQGTLVTVSS,EIVMTQSPSSLSASVGDRVTITCRASQSISSYLNWYQQKPGKAPKLLIYAASSLQSGVPSRFSGSGSGTDFTLTISSLQPEDFATYYCQQSYSTPRTFGQGTKVEIK
ADI-45481,9.241,QVQLQESGPGLVKPSETLSLTCTVSGGSISSSSYYWGWIRQPPGKGLEWIGSIYYSGSTYYNPSLKSRVTISVDTSKNQFSLKLSSVTAADTAVYYCARLQQLYFDYWGQGTLVTVSS,QPVLTQPPSVSVAPGKTARITCGGNNIGSKSVHWYQQKPGQAPVLVIYYDSDRPSGIPERFSGSNSGNTATLTISRVEAGDEADYYCQVWDSSSDHVVFGGGTKLTVL
ADI-47117,9.25,EVQLLESGGGLVQPGGSLRLSCAASGFTFSSYAMSWVRQAPGKGLEWVSAISGSGGSTYYADSVKGRFTISRDNSKNTLYLQMNSLRAEDTAVYYCAKDETYEAGAGGGPRWHGWELYYFDYWGQGTLVTVSS,DIQMTQSPSSLSASVGDRVTITCRASQSISSYLNWYQQKPGKAPKLLIYAASSLQSGVPSRFSGSGSGTDFTLTISSLQPEDFATYYCQQSYSTPRTFGQGTKVEIK
ADI-47120,9.265,QITLKESGPTLVKPTQTLTLTCTFSGFSLSTSGVGVGWIRQPPGKALEWLALIYWDDDKRYSPSLKSRLTITKDTSKNQVVLTMTNMDPVDTATYYCARSGGDYGDYRLVFDYWGQGTLVTVSS,SYELTQPPSASGTPGQRVTISCSGSSSNIGSNTVNWYQQLPGTAPKLLIYSNNQRPSGVPDRFSGSKSGTSASLAISGLQSEDEADYYCAAWDDSLNGWVFGGGTKLTVL
ADI-46705,9.304,EVQLVESGGGVVRPGGSLRLSCAASGFTFDDYGMSWVRQAPGKGLEWVSGINWNGGSTGYADSVKGRFTISRDNAKNSLYLQMNSLRAEDTALYHCARWKGYDFEYYYYGMDVWGQGTTVTVSS,DIRLTQSPSFLSASVGDRVTITCRASQGISSYLAWYQQKPGKAPKLLIYAASTLQSGVPSRFSGSGSGTEFTLTISSLQPEDFATYYCQQLNSYPLTFGGGTKVEIK
ADI-47235,9.386,QVQLQESGPGLVKPSETLSLTCTVSGGSISSSSYYWGWIRQPPGKGLEWIGSIYYSGSTYYNPSLKSRVTISVDTSKNQFSLKLSSVTAADTAVYYCASQNCSGGSCYLNYYYYGMDVWGQGTTVTVSS,QSVLTQPPSASGSPGQSVTISCTGTSSDVGGYNYVSWYQQHPGKAPKLMIYEVSKRPSGVPDRFSGSKSGNTASLTVSGLQAEDEADYYCSSYAGSNKYVVFGGGTKLTVL
ADI-47130,9.522,EVQLVESGGGLIQPGGSLRLSCAASGFTVSSNYMSWVRQAPGKGLEWVSVIYSGGSTYYADSVKGRFTISRDNSKNTLYLQMNSLRAEDTAVYYCAREGRDYGDYEDYYYYGMDVWGQGTTVTVSS,QPVLTQPRSVSGSPGQSVTISCTGTSSDVGGYNYVSWYQQHPGKAPKLMIYDVSKRPSGVPDRFSGSKSGNTASLTISGLQAEDEADYY-CCSYAGSYRVFGGGTKVTVL
ADI-47255,10.003,QVQLVQSGAEVKKPGASVKVSCKASGYTFTSYYMHWVRQAPGQGLEWMGIINPSGGSTSYAQKFQGRVTMTRDTSTSTVYMELSSLRSEDTAVYYCARGSSDPWGNTSGGNLGAMYNWFDPWGQGTLVTVSS,ETTLTQSPSSLSASVGDRVTITCRASQSISSYLNWYQQKPGKAPKLLIYAASSLQSGVPSRFSGSGSGTDFTLTISSLQPEDFATYYCQQSYSTPPLTFGGGTKLEIK
ADI-46707,10.245,EVQLLESGGGVVQPGRSLRLSCAASGFTFSSYGMHWVRQAPGKGLEWVAVIWYDGSNKYYGDSVKGRFTISRDNSKNTLYLQMNSLRAEDTAVYYCARDGYYDSSAYTPYYYGMDVWGQGTTVTVSS,DIVMTQTPATLSVSPGERATLSCRASQSVSSNLAWYQQKPGQAPRLLIYGASTRATGIPARFSGSGSGTEFTLTISSLQSEDFAVYYCQQYNNWPPVTFGQGTKVEIK
ADI-47257,10.26,QVQLQESGPGLVKPSETLSLTCTVSGGSISSSSYYWGWIRQPPGKGLEWIGSIYYSGSTYYNPSLKSRVTISVDTSKNQFSLKLSSVTAADTAVYYCARQSLGSYLDYWGQGTLVTVSS,QSVLTQPPSVSAAPGQKVTISCSGSSSNIGNNYVSWYQQLPGTAPKLLIYDNNKRPSGIPDRFSGSKSGTSATLGITGLQTGDEADYYCGTWDSSLSVLFGGGTKLTVL
ADI-45477,10.362,EVQLLESGGGVVQPGRSLRLSCAASGFTFSSYGMHWVRQAPGKGLEWVAVISYDGSNKYYADSVKGRFTISRDNSKNTLYLQMNSLRAEDTAVYYCARALSGYSYGIYYGMDVWGQGTTVTVSS,EIVMTQSPLSLPVTPGEPASISCRSSQSLLHSNGYNYLDWYLQKPGQSPQLLIYLGSNRASGVPDRFSGSGSGTDFTLKISRVEAEDVGVYYCMQALQTPQFGQGTKVEIK
ADI-45493,10.406,QVQLQQWGAGLLKPSETLSLTCAVYGGSFSGYYWSWIRQPPGKGLEWIGEINHSGSTNYNPSLKSRVTISVDTSKNQFSLKLSSVTAADTAVYYCARGRRRGYYIPTQDDAFDIWGQGTMVTVSS,DIQVTQSPDSLAVSLGERATINCKSSQSVLYSSNNKNYLAWYQQKPGQPPKLLIYWASTRESGVPDRFSGSGSGTDFTLTISSLQAEDVAVYYCQQYYSTPRTFGGGTKLEIK
ADI-47262,11.046,QVQLVQSGAEVKKPGASVKVSCKASGYTFTSYGISWVRQAPGQGLEWMGWISAYNGNTNYAQKLQGRVTMTTDTSTSTAYMELRSLRSDDTAVYYCAREGIVLGTLYCSGGSCYSGFDYWGQGTLVTVSS,DIVMTQSPSSVSASVGDRVTITCRASQGISSWLAWYQQKPGKAPKLLIYAASSLQSGVPSRFSGSGSGTDFTLTISSLQPEDFATYYCQQANSFPPTFGQGTRLEIK
ADI-45410,11.235,EVQLVESGGGVVQPGRSLRLSCAASGFTFSSYGMHWVRQAPGKGLEWVAVIWYDGSNKYYADSVKGRFTISRDNSKNTLYLQMNSLRAEDTAVYYCARGPYYDFWSGVHPVPGMDVWGQGTTVTVSS,DIVMTQSPATLSVSPGERATLSCRASQSVSSNLAWYQQKPGQAPRLLIYGASTRATGIPARFSGSGSGTEFTLTISSLQSEDFAVYYCQQYNNWPPITFGQGTKVEIK
ADI-47264,11.454,EVQLLESGGGVVQPGRSLRLSCAASGFTFSSYGMHWVRQAPGKGLEWVAVIWYDGSNKYYADSVKGRFTISRDNSKNTLYLQMNSLRAEDTAVYYCARDPRYYYDSSGYYPPFDYWGQGTLVTVSS,QSVLTQPRSVSGSPGQSVTISCTGTSSDVGGYNYVSWYQQHPGKAPKLMIYDVSKRPSGVPDRFSGSKSGNTASLTISGLQAEDEADYY-CCSYAGSYTHVVFGGGTKVTVL
ADI-47162,11.866,EVQLVESGGGLVQPGGSLRLSCAASGFTFSSYAMSWVRQAPGKGLEWVSAISGSGGSTYYADSVKGRFTISRDNSKNTLYLQMNSLRAEDTAVYYCAKDPRSGYYDFWSGYSRENWFDPWGQGTLVTVSS,QSVLTQPPSVSGAPGQRVTISCTGSSSNIGAGYDVHWYQQLPGTAPKLLIYGNSNRPSGVPDRFSGSKSGTSASLAITGLQAEDEADYYCQSYDSSLSGWVFGGGTKVTVL
ADI-45435,11.905,QVQLQQWGAGLLKPSETLSLTCAVYGGSFSGYYWSWIRQPPGKGLEWIGEINHSGSTNYNPSLKSRVTISVDTSKNQFSLKLSSVTAADTAVYYCARAGNDYVWGSYRYTTAFDIWGQGTTVTVSS,DIVMTQTPDSLAVSLGERATINCKSSQSVLYSSNNKNYLAWYQQKPGQPPKLLIYWASTRESGVPDRFSGSGSGTDFTLTISSLQAEDVAVYYCQQYYSTPWTFGQGTKVDIK
ADI-45433,12.08,EVQLLESGGGVVQPGRSLRLSCAASGFTFSSYGMHWVRQAPGKGLEWVAVISYDGSNKYYADSVKGRFTISRDNSKNTLYLQMNSLRAEDTAVYYCARGFGYSYGHYYYGMDVWGQGTTVTVSS,DIVMTQSPLSLPVTPGEPASISCRSSQSLLHSNGYNYLDWYLQKPGQSPQLLIYLGSNRASGVPDRFSGSGSGTDFTLKISRVEAEDVGVYYCMQALHGTFGQGTRLEIK
ADI-45498,12.449,QVQLVQSGAEVKKPGSSVKVSCKASGGTFSSYAISWVRQAPGQGLEWMGGIIPILGIANYAQKFQGRVTITADKSTSTAYMELSSLRSEDTAVYYCARRGKQLVREWYYYYGMDVWGQGTTVTVSS,QPVLTQPPSVSAAPGQKVTISCSGSSSNIGNNYVSWYQQLPGTAPKLLIYDNNKRPSGIPDRFSGSKSGTSATLGITGLQTGDEADYYCGTWDSSLSAWVFGGGTKLTVL
ADI-45486,13.856,EVQLLESGGGLVKPGRSLRLSCTASGFTFGDYAMSWFRQAPGKGLEWVGFIRSKAYGGTTEYAASVKGRFTISRDDSKSIAYLQMNSLKTEDTAVYYCTRDLEWLRLFGGYYYYGMDVWGQGTTVTVSS,DIVLTQSPLSLSVTPGQPASISCKSSQSLLHSDGKTYLYWYLQKPGQPPQLLIYEVSNRFSGVPDRFSGSGSGTDFTLKISRVEAEDVGVYYCMQSIQLPYTFGQGTKVEIK
ADI-47245,9.76,QVQLQQWGAGLLKPSETLSLTCAVYGGSFSGYYWSWIRQPPGKGLEWIGEINHSGSTNYNPSLKSRVTISVDTSKNQFSLKLSSVTAADTAVYYCARGYKEYSSSSLTPRGRREAYYFGDYWGQGTLVTVSS,SYELTQPPSASGTPGQRVTISCSGSSSNIGSNTVNWYQQLPGTAPKLLIYSNNQRPSGVPDRFSGSKSGTSASLAISGLQSEDEADYYCAAWDDSLNGLYVFGTGTKLTVL
